Order ID,Order Date,Customer ID,Region,State,City,Category,Product Name,Quantity,Actual Price,Discount Percentage,Sales,Profit,Profit Ratio
ORD00305,2025-08-17,CUST0042,West,Maharashtra,Mumbai,Beauty,Hair Dryer,1,2028.56,20.0,1622.85,269.38,0.166
ORD00160,2025-09-06,CUST0024,South,Telangana,Hyderabad,Electronics,Smartphone,3,5702.84,15.0,14542.24,2771.46,0.1906
ORD00930,2025-09-06,CUST0116,North,Uttar Pradesh,Lucknow,Home & Kitchen,Coffee Maker,2,8921.65,10.0,16058.97,3063.29,0.1908
ORD00165,2025-09-07,CUST0025,West,Gujarat,Surat,Computers & Accessories,Wireless Mouse,2,42674.95,10.0,76814.91,12498.83,0.1627
ORD00161,2025-09-13,CUST0024,West,Gujarat,Surat,Electronics,Smartphone,3,26731.03,25.0,60144.82,11335.67,0.1885
ORD00322,2025-09-21,CUST0045,South,Kerala,Kochi,Home & Kitchen,Electric Kettle,3,6422.83,15.0,16378.22,3887.83,0.2374
ORD00931,2025-09-21,CUST0116,North,Delhi,Delhi,Beauty,Face Wash,2,821.06,5.0,1560.01,175.58,0.1126
ORD00162,2025-09-25,CUST0024,South,Tamil Nadu,Chennai,Electronics,Bluetooth Speaker,2,9132.14,10.0,16437.85,4115.82,0.2504
ORD00306,2025-09-30,CUST0042,West,Maharashtra,Pune,Beauty,Hair Dryer,2,664.74,30.0,930.64,218.11,0.2344
ORD00075,2025-10-08,CUST0012,South,Karnataka,Bengaluru,Electronics,Wireless Headphones,1,2767.2,35.0,1798.68,163.88,0.0911
ORD00936,2025-10-14,CUST0118,West,Maharashtra,Mumbai,Electronics,Bluetooth Speaker,3,10077.48,10.0,27209.2,3980.51,0.1463
ORD00166,2025-10-18,CUST0025,North,Delhi,Delhi,Home & Kitchen,Air Fryer,3,3016.77,25.0,6787.73,1698.74,0.2503
ORD00835,2025-10-20,CUST0105,West,Gujarat,Ahmedabad,Computers & Accessories,Wireless Mouse,2,41313.31,35.0,53707.3,7712.2,0.1436
ORD00132,2025-10-22,CUST0019,East,Odisha,Bhubaneswar,Beauty,Hair Dryer,3,675.94,10.0,1825.04,311.88,0.1709
ORD01127,2025-10-29,CUST0139,West,Maharashtra,Pune,Computers & Accessories,Laptop,1,18885.45,30.0,13219.82,2397.62,0.1814
ORD00307,2025-11-02,CUST0042,East,Odisha,Bhubaneswar,Home & Kitchen,Coffee Maker,2,9093.5,30.0,12730.9,1029.44,0.0809
ORD00934,2025-11-03,CUST0117,Central,Maharashtra,Nagpur,Fashion,Running Shoes,3,5963.53,5.0,16996.06,4462.27,0.2625
ORD00087,2025-11-04,CUST0014,North,Delhi,Delhi,Fashion,Smart Watch,2,3952.84,35.0,5138.69,1279.0,0.2489
ORD00684,2025-11-05,CUST0087,South,Kerala,Kochi,Books,Data Analytics Book,1,908.36,20.0,726.69,189.99,0.2614
ORD00345,2025-11-06,CUST0049,South,Karnataka,Bengaluru,Fashion,Backpack,3,5324.58,5.0,15175.05,3318.91,0.2187
ORD00616,2025-11-07,CUST0080,West,Maharashtra,Mumbai,Computers & Accessories,Laptop,1,7869.33,25.0,5902.0,1393.96,0.2362
ORD00621,2025-11-08,CUST0081,East,West Bengal,Kolkata,Fashion,Backpack,1,1832.63,35.0,1191.21,167.2,0.1404
ORD00465,2025-11-09,CUST0061,Central,Madhya Pradesh,Bhopal,Fashion,Running Shoes,3,2354.99,15.0,6005.22,920.7,0.1533
ORD01128,2025-11-10,CUST0139,North,Uttar Pradesh,Lucknow,Fashion,Backpack,1,4954.9,15.0,4211.66,642.29,0.1525
ORD00088,2025-11-11,CUST0014,West,Gujarat,Ahmedabad,Computers & Accessories,Keyboard,2,50903.09,25.0,76354.63,13817.0,0.181
ORD00878,2025-11-12,CUST0110,East,Odisha,Bhubaneswar,Home & Kitchen,Mixer Grinder,3,13152.64,20.0,31566.34,6430.32,0.2037
ORD00935,2025-11-14,CUST0117,South,Tamil Nadu,Chennai,Electronics,Smartphone,2,26384.44,30.0,36938.22,6624.78,0.1793
ORD00807,2025-11-17,CUST0101,South,Telangana,Hyderabad,Home & Kitchen,Air Fryer,1,7833.79,10.0,7050.41,1088.69,0.1544
ORD00331,2025-11-19,CUST0047,West,Maharashtra,Pune,Home & Kitchen,Electric Kettle,3,11094.98,30.0,23299.46,2870.14,0.1232
ORD00852,2025-11-19,CUST0108,North,Rajasthan,Jaipur,Fashion,Running Shoes,1,7409.26,30.0,5186.48,1052.26,0.2029
ORD00481,2025-11-20,CUST0063,South,Karnataka,Bengaluru,Electronics,Bluetooth Speaker,3,10077.19,20.0,24185.26,4263.26,0.1763
ORD00592,2025-11-20,CUST0077,North,Uttar Pradesh,Lucknow,Home & Kitchen,Coffee Maker,1,4183.51,20.0,3346.81,703.37,0.2102
ORD00879,2025-11-21,CUST0110,South,Kerala,Kochi,Electronics,Smartphone,3,7448.46,20.0,17876.3,1640.33,0.0918
ORD00743,2025-11-22,CUST0094,North,Uttar Pradesh,Lucknow,Beauty,Hair Dryer,2,1726.24,5.0,3279.86,324.41,0.0989
ORD00466,2025-11-23,CUST0061,West,Gujarat,Ahmedabad,Home & Kitchen,Electric Kettle,2,7571.98,15.0,12872.37,1816.24,0.1411
ORD00312,2025-11-24,CUST0044,South,Karnataka,Bengaluru,Electronics,Bluetooth Speaker,1,9301.46,15.0,7906.24,1090.16,0.1379
ORD00420,2025-11-26,CUST0056,North,Delhi,Delhi,Electronics,Smartphone,1,21180.83,5.0,20121.79,4709.25,0.234
ORD00562,2025-11-26,CUST0074,West,Maharashtra,Mumbai,Books,Data Analytics Book,3,1143.16,5.0,3258.01,554.65,0.1702
ORD00752,2025-11-26,CUST0095,East,West Bengal,Kolkata,Books,Programming Book,3,1474.23,35.0,2874.75,373.1,0.1298
ORD00954,2025-11-26,CUST0121,West,Gujarat,Ahmedabad,Fashion,Smart Watch,1,10567.88,15.0,8982.7,1231.54,0.1371
ORD00216,2025-11-27,CUST0030,North,Rajasthan,Jaipur,Fashion,Smart Watch,1,1892.88,10.0,1703.59,416.73,0.2446
ORD00606,2025-11-27,CUST0079,East,West Bengal,Kolkata,Fashion,Smart Watch,2,605.27,15.0,1028.96,213.11,0.2071
ORD00804,2025-11-27,CUST0100,West,Gujarat,Ahmedabad,Electronics,Smartphone,2,11840.0,10.0,21312.0,3546.7,0.1664
ORD00836,2025-11-27,CUST0105,South,Tamil Nadu,Chennai,Home & Kitchen,Electric Kettle,2,14069.84,30.0,19697.78,5070.36,0.2574
ORD00880,2025-11-27,CUST0110,North,Delhi,Delhi,Fashion,Smart Watch,1,6701.97,35.0,4356.28,437.17,0.1004
ORD00098,2025-11-28,CUST0016,East,Bihar,Patna,Home & Kitchen,Air Fryer,1,14971.06,15.0,12725.4,3038.02,0.2387
ORD00563,2025-11-28,CUST0074,West,Maharashtra,Mumbai,Home & Kitchen,Coffee Maker,2,12350.31,30.0,17290.43,3607.36,0.2086
ORD00853,2025-11-28,CUST0108,North,Rajasthan,Jaipur,Electronics,Wireless Headphones,3,26940.59,10.0,72739.59,6715.67,0.0923
ORD00313,2025-11-30,CUST0044,South,Karnataka,Bengaluru,Computers & Accessories,Laptop,3,90285.93,20.0,216686.23,28863.94,0.1332
ORD00327,2025-11-30,CUST0046,South,Telangana,Hyderabad,Home & Kitchen,Mixer Grinder,2,15122.68,35.0,19659.48,2757.52,0.1403
ORD00854,2025-11-30,CUST0108,West,Maharashtra,Mumbai,Home & Kitchen,Coffee Maker,2,4395.9,30.0,6154.26,931.38,0.1513
ORD00403,2025-12-02,CUST0053,East,West Bengal,Kolkata,Home & Kitchen,Electric Kettle,3,12224.36,10.0,33005.77,5971.04,0.1809
ORD00564,2025-12-02,CUST0074,South,Kerala,Kochi,Beauty,Hair Dryer,2,957.6,20.0,1532.16,136.57,0.0891
ORD00099,2025-12-03,CUST0016,South,Kerala,Kochi,Electronics,Smartphone,2,17195.98,30.0,24074.37,6378.27,0.2649
ORD00163,2025-12-03,CUST0024,West,Gujarat,Ahmedabad,Home & Kitchen,Coffee Maker,3,12050.89,15.0,30729.77,4740.08,0.1543
ORD00089,2025-12-04,CUST0014,East,Bihar,Patna,Home & Kitchen,Air Fryer,3,8502.45,5.0,24231.98,3589.2,0.1481
ORD00282,2025-12-04,CUST0039,West,Maharashtra,Mumbai,Books,Data Analytics Book,1,1300.95,15.0,1105.81,234.99,0.2125
ORD00491,2025-12-04,CUST0064,West,Gujarat,Surat,Books,Data Analytics Book,3,877.11,25.0,1973.5,398.12,0.2017
ORD00744,2025-12-04,CUST0094,North,Uttar Pradesh,Lucknow,Fashion,Backpack,2,7982.62,25.0,11973.93,1871.31,0.1563
ORD00243,2025-12-05,CUST0035,Central,Madhya Pradesh,Bhopal,Beauty,Face Wash,2,258.44,25.0,387.66,83.77,0.2161
ORD01162,2025-12-05,CUST0144,South,Telangana,Hyderabad,Beauty,Face Wash,3,2430.21,30.0,5103.44,1036.19,0.203
ORD00467,2025-12-06,CUST0061,East,Odisha,Bhubaneswar,Computers & Accessories,Wireless Mouse,1,27068.83,10.0,24361.95,6198.19,0.2544
ORD00332,2025-12-07,CUST0047,Central,Madhya Pradesh,Bhopal,Home & Kitchen,Coffee Maker,2,11556.2,30.0,16178.68,2040.93,0.1261
ORD00766,2025-12-07,CUST0097,East,West Bengal,Kolkata,Electronics,Wireless Headphones,1,14898.68,5.0,14153.75,1566.88,0.1107
ORD00767,2025-12-07,CUST0097,North,Delhi,Delhi,Electronics,Smartphone,2,27805.51,20.0,44488.82,10484.77,0.2357
ORD01143,2025-12-07,CUST0141,North,Delhi,Delhi,Electronics,Bluetooth Speaker,2,29565.58,25.0,44348.37,11093.22,0.2501
ORD01171,2025-12-08,CUST0145,South,Tamil Nadu,Chennai,Books,Programming Book,1,1119.28,35.0,727.53,158.03,0.2172
ORD00565,2025-12-09,CUST0074,West,Gujarat,Ahmedabad,Computers & Accessories,Laptop,3,30565.77,20.0,73357.85,9468.39,0.1291
ORD01204,2025-12-10,CUST0149,West,Gujarat,Ahmedabad,Home & Kitchen,Mixer Grinder,3,10669.78,5.0,30408.87,3619.53,0.119
ORD00593,2025-12-11,CUST0077,West,Maharashtra,Pune,Electronics,Bluetooth Speaker,3,33901.27,20.0,81363.05,19844.9,0.2439
ORD01144,2025-12-11,CUST0141,East,West Bengal,Kolkata,Fashion,Smart Watch,2,5529.09,15.0,9399.45,1361.68,0.1449
ORD00496,2025-12-12,CUST0065,South,Karnataka,Bengaluru,Fashion,Running Shoes,2,1780.23,10.0,3204.41,405.51,0.1265
ORD00955,2025-12-12,CUST0121,West,Maharashtra,Pune,Home & Kitchen,Air Fryer,3,18309.38,30.0,38449.7,6702.73,0.1743
ORD00415,2025-12-13,CUST0055,West,Gujarat,Surat,Beauty,Hair Dryer,2,874.08,15.0,1485.94,126.37,0.085
ORD00761,2025-12-13,CUST0096,North,Delhi,Delhi,Home & Kitchen,Air Fryer,3,8995.55,10.0,24287.99,5159.01,0.2124
ORD00987,2025-12-13,CUST0124,East,Bihar,Patna,Electronics,Bluetooth Speaker,2,28901.19,15.0,49132.02,6632.15,0.135
ORD01051,2025-12-13,CUST0130,East,Bihar,Patna,Computers & Accessories,Laptop,3,82493.27,25.0,185609.86,35746.89,0.1926
ORD01073,2025-12-13,CUST0133,South,Karnataka,Bengaluru,Books,Data Analytics Book,2,1066.51,15.0,1813.07,182.37,0.1006
ORD00001,2025-12-14,CUST0001,South,Tamil Nadu,Chennai,Computers & Accessories,Keyboard,1,49547.82,5.0,47070.43,9973.5,0.2119
ORD00333,2025-12-14,CUST0047,West,Maharashtra,Mumbai,Home & Kitchen,Mixer Grinder,1,14046.15,20.0,11236.92,2327.3,0.2071
ORD00492,2025-12-14,CUST0064,North,Rajasthan,Jaipur,Beauty,Face Wash,3,931.5,10.0,2515.05,665.63,0.2647
ORD00517,2025-12-14,CUST0068,East,Bihar,Patna,Home & Kitchen,Electric Kettle,2,12606.33,5.0,23952.03,4283.87,0.1789
ORD00340,2025-12-15,CUST0048,West,Maharashtra,Pune,Fashion,Backpack,3,5480.1,25.0,12330.23,2089.71,0.1695
ORD00235,2025-12-16,CUST0034,South,Kerala,Kochi,Computers & Accessories,Keyboard,3,20187.12,5.0,57533.29,14569.09,0.2532
ORD00617,2025-12-16,CUST0080,East,Bihar,Patna,Fashion,Smart Watch,3,2435.37,10.0,6575.5,1122.59,0.1707
ORD00753,2025-12-16,CUST0095,South,Telangana,Hyderabad,Fashion,Smart Watch,2,6865.05,35.0,8924.57,2332.71,0.2614
ORD01074,2025-12-16,CUST0133,West,Maharashtra,Mumbai,Fashion,Running Shoes,3,4692.7,25.0,10558.57,1389.76,0.1316
ORD01163,2025-12-16,CUST0144,South,Telangana,Hyderabad,Books,Data Analytics Book,2,819.81,20.0,1311.7,240.27,0.1832
ORD00059,2025-12-17,CUST0010,West,Maharashtra,Mumbai,Electronics,Smartphone,1,21724.74,20.0,17379.79,3580.28,0.206
ORD00090,2025-12-17,CUST0014,East,Bihar,Patna,Home & Kitchen,Coffee Maker,2,7762.02,20.0,12419.23,1983.48,0.1597
ORD00559,2025-12-17,CUST0073,North,Uttar Pradesh,Lucknow,Beauty,Face Wash,1,295.22,10.0,265.7,58.11,0.2187
ORD00035,2025-12-18,CUST0006,West,Gujarat,Surat,Computers & Accessories,Laptop,3,17448.8,30.0,36642.48,9646.85,0.2633
ORD00310,2025-12-18,CUST0043,West,Maharashtra,Mumbai,Electronics,Bluetooth Speaker,1,10481.88,20.0,8385.5,2116.19,0.2524
ORD01197,2025-12-18,CUST0148,West,Maharashtra,Pune,Books,Programming Book,1,1135.52,25.0,851.64,84.55,0.0993
ORD00060,2025-12-19,CUST0010,East,West Bengal,Kolkata,Electronics,Smartphone,3,8142.87,30.0,17100.03,2028.21,0.1186
ORD00405,2025-12-19,CUST0054,South,Telangana,Hyderabad,Computers & Accessories,Laptop,2,58740.06,10.0,105732.11,22728.44,0.215
ORD01145,2025-12-19,CUST0141,Central,Maharashtra,Nagpur,Fashion,Smart Watch,2,5663.99,35.0,7363.19,1426.49,0.1937
ORD01009,2025-12-20,CUST0126,South,Telangana,Hyderabad,Fashion,Backpack,3,5468.11,20.0,13123.46,2612.04,0.199
ORD00078,2025-12-21,CUST0013,North,Rajasthan,Jaipur,Beauty,Hair Dryer,2,2386.84,15.0,4057.63,882.67,0.2175
ORD00566,2025-12-21,CUST0074,South,Karnataka,Bengaluru,Fashion,Smart Watch,1,4516.03,35.0,2935.42,272.53,0.0928
ORD00811,2025-12-22,CUST0102,West,Maharashtra,Pune,Home & Kitchen,Coffee Maker,1,3789.11,20.0,3031.29,334.94,0.1105
ORD00076,2025-12-23,CUST0012,East,Bihar,Patna,Electronics,Smartphone,1,8510.2,20.0,6808.16,972.06,0.1428
ORD00283,2025-12-23,CUST0039,East,Odisha,Bhubaneswar,Fashion,Running Shoes,3,9178.59,15.0,23405.4,3862.27,0.165
ORD00518,2025-12-23,CUST0068,West,Maharashtra,Pune,Computers & Accessories,Keyboard,1,65434.06,20.0,52347.25,13632.79,0.2604
ORD00837,2025-12-23,CUST0105,West,Gujarat,Surat,Home & Kitchen,Mixer Grinder,2,14707.11,10.0,26472.8,4864.49,0.1838
ORD01172,2025-12-23,CUST0145,South,Kerala,Kochi,Electronics,Smartphone,2,8505.26,30.0,11907.36,3326.34,0.2794
ORD00061,2025-12-24,CUST0010,East,West Bengal,Kolkata,Electronics,Wireless Headphones,1,29709.9,20.0,23767.92,4808.46,0.2023
ORD00100,2025-12-24,CUST0016,South,Karnataka,Bengaluru,Books,Programming Book,1,261.07,15.0,221.91,19.91,0.0897
ORD00548,2025-12-25,CUST0071,East,Bihar,Patna,Home & Kitchen,Electric Kettle,3,10344.01,20.0,24825.62,5227.22,0.2106
ORD00497,2025-12-26,CUST0065,North,Rajasthan,Jaipur,Computers & Accessories,Keyboard,3,15265.28,5.0,43506.05,8254.09,0.1897
ORD00622,2025-12-26,CUST0081,South,Kerala,Kochi,Computers & Accessories,Wireless Mouse,2,53261.78,25.0,79892.67,13602.51,0.1703
ORD00685,2025-12-27,CUST0087,South,Tamil Nadu,Chennai,Electronics,Wireless Headphones,3,16935.95,15.0,43186.67,5629.04,0.1303
ORD00988,2025-12-27,CUST0124,East,West Bengal,Kolkata,Home & Kitchen,Air Fryer,1,7138.23,15.0,6067.5,652.74,0.1076
ORD00133,2025-12-28,CUST0019,Central,Madhya Pradesh,Bhopal,Beauty,Hair Dryer,2,2094.55,5.0,3979.64,965.59,0.2426
ORD00244,2025-12-28,CUST0035,North,Delhi,Delhi,Beauty,Face Wash,2,316.02,15.0,537.23,134.54,0.2504
ORD00004,2025-12-29,CUST0002,South,Tamil Nadu,Chennai,Beauty,Face Wash,1,3701.66,10.0,3331.49,296.44,0.089
ORD00989,2025-12-29,CUST0124,North,Rajasthan,Jaipur,Fashion,Running Shoes,3,1549.65,30.0,3254.26,391.61,0.1203
ORD00938,2025-12-30,CUST0119,Central,Maharashtra,Nagpur,Electronics,Bluetooth Speaker,3,12831.13,5.0,36568.72,6341.15,0.1734
ORD01116,2025-12-30,CUST0137,West,Maharashtra,Pune,Beauty,Hair Dryer,1,972.4,30.0,680.68,102.38,0.1504
ORD01158,2025-12-30,CUST0143,South,Telangana,Hyderabad,Books,Programming Book,1,947.74,30.0,663.42,110.74,0.1669
ORD00549,2025-12-31,CUST0071,South,Tamil Nadu,Chennai,Fashion,Smart Watch,3,1127.32,25.0,2536.47,239.67,0.0945
ORD01082,2025-12-31,CUST0134,South,Telangana,Hyderabad,Home & Kitchen,Coffee Maker,2,7348.28,25.0,11022.42,1613.91,0.1464
ORD01173,2025-12-31,CUST0145,North,Uttar Pradesh,Lucknow,Electronics,Smartphone,3,5205.46,30.0,10931.47,1015.21,0.0929
ORD00005,2026-01-01,CUST0002,North,Uttar Pradesh,Lucknow,Computers & Accessories,Keyboard,2,94758.56,10.0,170565.41,39182.56,0.2297
ORD00295,2026-01-01,CUST0041,South,Telangana,Hyderabad,Beauty,Hair Dryer,2,2024.25,35.0,2631.53,688.73,0.2617
ORD00937,2026-01-01,CUST0118,North,Uttar Pradesh,Lucknow,Electronics,Wireless Headphones,2,13963.01,15.0,23737.12,6582.73,0.2773
ORD00284,2026-01-02,CUST0039,South,Kerala,Kochi,Books,Programming Book,1,1095.22,30.0,766.65,131.82,0.1719
ORD00560,2026-01-02,CUST0073,East,Bihar,Patna,Home & Kitchen,Air Fryer,1,920.33,20.0,736.26,100.5,0.1365
ORD01075,2026-01-02,CUST0133,North,Delhi,Delhi,Electronics,Wireless Headphones,3,27451.17,25.0,61765.13,12378.82,0.2004
ORD00308,2026-01-03,CUST0042,West,Maharashtra,Mumbai,Home & Kitchen,Coffee Maker,2,10721.69,35.0,13938.2,1694.88,0.1216
ORD00062,2026-01-04,CUST0010,Central,Maharashtra,Nagpur,Home & Kitchen,Electric Kettle,1,13396.28,5.0,12726.47,3268.53,0.2568
ORD00406,2026-01-04,CUST0054,West,Gujarat,Ahmedabad,Computers & Accessories,Wireless Mouse,2,31021.47,15.0,52736.5,11778.72,0.2234
ORD00844,2026-01-04,CUST0107,West,Maharashtra,Pune,Home & Kitchen,Electric Kettle,3,6360.52,10.0,17173.4,2228.69,0.1298
ORD00289,2026-01-05,CUST0040,West,Gujarat,Surat,Computers & Accessories,Wireless Mouse,2,23224.39,5.0,44126.34,8386.12,0.19
ORD00334,2026-01-05,CUST0047,East,West Bengal,Kolkata,Home & Kitchen,Mixer Grinder,3,8115.92,5.0,23130.37,3930.0,0.1699
ORD00585,2026-01-05,CUST0076,Central,Madhya Pradesh,Bhopal,Beauty,Face Wash,3,1952.54,30.0,4100.33,398.46,0.0972
ORD00092,2026-01-06,CUST0015,West,Maharashtra,Pune,Electronics,Bluetooth Speaker,2,1654.56,15.0,2812.75,620.51,0.2206
ORD00745,2026-01-06,CUST0094,South,Telangana,Hyderabad,Fashion,Running Shoes,1,5203.51,25.0,3902.63,735.68,0.1885
ORD00385,2026-01-07,CUST0052,South,Kerala,Kochi,Fashion,Running Shoes,1,4834.06,5.0,4592.36,803.94,0.1751
ORD00881,2026-01-07,CUST0110,South,Kerala,Kochi,Beauty,Face Wash,3,452.95,20.0,1087.08,269.65,0.248
ORD00913,2026-01-07,CUST0115,Central,Maharashtra,Nagpur,Fashion,Smart Watch,1,3774.85,5.0,3586.11,630.38,0.1758
ORD01174,2026-01-07,CUST0145,West,Maharashtra,Pune,Electronics,Smartphone,3,31763.44,30.0,66703.22,17096.88,0.2563
ORD00290,2026-01-08,CUST0040,East,Bihar,Patna,Fashion,Running Shoes,2,952.22,20.0,1523.55,360.23,0.2364
ORD00623,2026-01-08,CUST0081,South,Karnataka,Bengaluru,Fashion,Backpack,3,1629.61,25.0,3666.62,491.77,0.1341
ORD00891,2026-01-08,CUST0112,South,Karnataka,Bengaluru,Electronics,Smartphone,3,37289.33,20.0,89494.39,9920.34,0.1108
ORD00956,2026-01-08,CUST0121,East,West Bengal,Kolkata,Computers & Accessories,Wireless Mouse,3,72999.25,30.0,153298.42,24526.25,0.16
ORD01187,2026-01-08,CUST0147,East,Odisha,Bhubaneswar,Books,Data Analytics Book,3,1812.57,30.0,3806.4,657.0,0.1726
ORD01198,2026-01-09,CUST0148,South,Tamil Nadu,Chennai,Beauty,Face Wash,3,1744.91,35.0,3402.57,407.25,0.1197
ORD00107,2026-01-10,CUST0017,West,Gujarat,Ahmedabad,Home & Kitchen,Air Fryer,3,13382.41,20.0,32117.78,4473.12,0.1393
ORD00285,2026-01-10,CUST0039,South,Tamil Nadu,Chennai,Computers & Accessories,Laptop,2,67285.78,5.0,127842.98,15304.94,0.1197
ORD00939,2026-01-10,CUST0119,South,Kerala,Kochi,Books,Programming Book,1,750.04,25.0,562.53,106.8,0.1899
ORD01018,2026-01-10,CUST0127,North,Uttar Pradesh,Lucknow,Computers & Accessories,Wireless Mouse,1,33479.03,25.0,25109.27,2961.12,0.1179
ORD00016,2026-01-11,CUST0004,North,Rajasthan,Jaipur,Fashion,Smart Watch,1,4752.78,5.0,4515.14,899.45,0.1992
ORD00475,2026-01-11,CUST0062,South,Tamil Nadu,Chennai,Fashion,Running Shoes,2,8980.35,15.0,15266.59,2862.3,0.1875
ORD00524,2026-01-11,CUST0069,North,Rajasthan,Jaipur,Beauty,Hair Dryer,1,2723.31,30.0,1906.32,436.39,0.2289
ORD00550,2026-01-11,CUST0071,West,Gujarat,Ahmedabad,Fashion,Backpack,3,3566.26,5.0,10163.84,2522.91,0.2482
ORD00772,2026-01-11,CUST0098,South,Tamil Nadu,Chennai,Electronics,Wireless Headphones,2,37003.22,20.0,59205.15,7942.26,0.1341
ORD00224,2026-01-12,CUST0031,South,Telangana,Hyderabad,Fashion,Backpack,3,777.86,15.0,1983.54,242.9,0.1225
ORD01024,2026-01-12,CUST0128,South,Karnataka,Bengaluru,Home & Kitchen,Electric Kettle,2,12081.91,25.0,18122.86,4494.23,0.248
ORD00230,2026-01-13,CUST0033,North,Delhi,Delhi,Beauty,Face Wash,3,646.84,5.0,1843.49,190.0,0.1031
ORD00666,2026-01-13,CUST0086,East,Odisha,Bhubaneswar,Home & Kitchen,Coffee Maker,2,21151.73,35.0,27497.25,6867.56,0.2498
ORD00812,2026-01-13,CUST0102,West,Gujarat,Surat,Electronics,Bluetooth Speaker,1,20706.78,10.0,18636.1,2133.34,0.1145
ORD00839,2026-01-13,CUST0106,North,Delhi,Delhi,Electronics,Bluetooth Speaker,2,21140.68,30.0,29596.95,7077.87,0.2391
ORD00840,2026-01-13,CUST0106,East,West Bengal,Kolkata,Fashion,Backpack,2,3495.39,30.0,4893.55,766.33,0.1566
ORD00636,2026-01-14,CUST0083,North,Uttar Pradesh,Lucknow,Books,Data Analytics Book,3,729.33,5.0,2078.59,377.15,0.1814
ORD00707,2026-01-14,CUST0090,West,Maharashtra,Pune,Home & Kitchen,Electric Kettle,3,12976.38,5.0,36982.68,10142.58,0.2743
ORD00883,2026-01-14,CUST0111,West,Gujarat,Ahmedabad,Beauty,Hair Dryer,2,2341.28,35.0,3043.66,559.78,0.1839
ORD00108,2026-01-15,CUST0017,Central,Maharashtra,Nagpur,Books,Programming Book,2,420.45,5.0,798.85,223.29,0.2795
ORD00275,2026-01-15,CUST0038,North,Uttar Pradesh,Lucknow,Fashion,Backpack,1,7131.09,10.0,6417.98,1071.49,0.167
ORD00323,2026-01-15,CUST0045,Central,Maharashtra,Nagpur,Beauty,Face Wash,3,644.17,30.0,1352.76,291.65,0.2156
ORD00468,2026-01-15,CUST0061,West,Maharashtra,Mumbai,Fashion,Backpack,2,1408.06,25.0,2112.09,527.04,0.2495
ORD00624,2026-01-15,CUST0081,Central,Maharashtra,Nagpur,Computers & Accessories,Wireless Mouse,3,12620.82,15.0,32183.09,4706.78,0.1463
ORD00688,2026-01-15,CUST0088,East,Bihar,Patna,Home & Kitchen,Electric Kettle,2,13564.93,5.0,25773.37,2856.67,0.1108
ORD00068,2026-01-16,CUST0011,East,Odisha,Bhubaneswar,Fashion,Backpack,3,5031.64,15.0,12830.68,2075.45,0.1618
ORD00217,2026-01-16,CUST0030,North,Uttar Pradesh,Lucknow,Electronics,Smartphone,2,32848.42,30.0,45987.79,9689.99,0.2107
ORD00296,2026-01-16,CUST0041,South,Tamil Nadu,Chennai,Books,Programming Book,3,862.6,5.0,2458.41,204.44,0.0832
ORD00519,2026-01-16,CUST0068,East,Bihar,Patna,Computers & Accessories,Keyboard,3,72865.12,15.0,185806.06,49492.2,0.2664
ORD00101,2026-01-17,CUST0016,West,Gujarat,Ahmedabad,Electronics,Smartphone,3,20576.18,25.0,46296.4,10867.81,0.2347
ORD00291,2026-01-17,CUST0040,South,Telangana,Hyderabad,Fashion,Smart Watch,1,6463.0,20.0,5170.4,1262.15,0.2441
ORD00482,2026-01-17,CUST0063,East,Bihar,Patna,Home & Kitchen,Coffee Maker,2,2057.07,15.0,3497.02,687.5,0.1966
ORD00114,2026-01-18,CUST0018,East,Bihar,Patna,Electronics,Wireless Headphones,1,35679.3,10.0,32111.37,7602.84,0.2368
ORD01010,2026-01-18,CUST0126,East,Odisha,Bhubaneswar,Home & Kitchen,Electric Kettle,3,13197.52,25.0,29694.42,3728.5,0.1256
ORD01117,2026-01-18,CUST0137,East,West Bengal,Kolkata,Home & Kitchen,Coffee Maker,1,7106.81,5.0,6751.47,1315.81,0.1949
ORD01151,2026-01-18,CUST0142,West,Maharashtra,Pune,Beauty,Face Wash,2,2241.43,35.0,2913.86,489.79,0.1681
ORD00498,2026-01-19,CUST0065,West,Maharashtra,Mumbai,Beauty,Hair Dryer,1,966.01,15.0,821.11,126.14,0.1536
ORD00737,2026-01-19,CUST0093,Central,Maharashtra,Nagpur,Computers & Accessories,Laptop,2,25584.75,10.0,46052.55,6609.97,0.1435
ORD00940,2026-01-19,CUST0119,North,Uttar Pradesh,Lucknow,Home & Kitchen,Coffee Maker,2,10430.76,10.0,18775.37,5026.58,0.2677
ORD01146,2026-01-19,CUST0141,North,Rajasthan,Jaipur,Computers & Accessories,Keyboard,3,36058.84,25.0,81132.39,13414.91,0.1653
ORD00179,2026-01-20,CUST0027,East,West Bengal,Kolkata,Fashion,Smart Watch,2,6432.86,25.0,9649.29,1684.35,0.1746
ORD00314,2026-01-20,CUST0044,East,Odisha,Bhubaneswar,Fashion,Backpack,1,3116.51,10.0,2804.86,753.83,0.2688
ORD00551,2026-01-20,CUST0071,South,Kerala,Kochi,Books,Programming Book,3,416.79,15.0,1062.81,273.66,0.2575
ORD00855,2026-01-20,CUST0108,East,West Bengal,Kolkata,Electronics,Smartphone,2,5610.33,20.0,8976.53,1051.2,0.1171
ORD00236,2026-01-21,CUST0034,North,Delhi,Delhi,Fashion,Backpack,3,4217.13,15.0,10753.68,1788.38,0.1663
ORD00386,2026-01-21,CUST0052,East,Odisha,Bhubaneswar,Fashion,Smart Watch,2,4171.66,15.0,7091.82,1766.86,0.2491
ORD00423,2026-01-21,CUST0057,Central,Madhya Pradesh,Bhopal,Beauty,Face Wash,2,1291.11,30.0,1807.55,295.62,0.1635
ORD00787,2026-01-21,CUST0099,South,Tamil Nadu,Chennai,Books,Data Analytics Book,3,2161.45,30.0,4539.05,726.31,0.16
ORD00063,2026-01-22,CUST0010,North,Delhi,Delhi,Home & Kitchen,Air Fryer,3,4521.09,15.0,11528.78,1345.49,0.1167
ORD00637,2026-01-22,CUST0083,South,Telangana,Hyderabad,Beauty,Face Wash,3,1005.05,20.0,2412.12,276.8,0.1148
ORD00860,2026-01-22,CUST0109,South,Karnataka,Bengaluru,Home & Kitchen,Air Fryer,2,21925.37,15.0,37273.13,9351.75,0.2509
ORD00959,2026-01-22,CUST0122,South,Karnataka,Bengaluru,Books,Programming Book,1,538.75,25.0,404.06,105.15,0.2602
ORD01040,2026-01-22,CUST0129,East,Bihar,Patna,Computers & Accessories,Wireless Mouse,1,43638.38,30.0,30546.87,4543.34,0.1487
ORD00567,2026-01-23,CUST0074,West,Maharashtra,Mumbai,Electronics,Smartphone,3,11748.19,25.0,26433.43,4394.92,0.1663
ORD00805,2026-01-23,CUST0100,North,Rajasthan,Jaipur,Electronics,Bluetooth Speaker,2,21615.09,10.0,38907.16,7173.6,0.1844
ORD00077,2026-01-24,CUST0012,North,Uttar Pradesh,Lucknow,Electronics,Smartphone,3,1509.86,20.0,3623.66,910.66,0.2513
ORD00237,2026-01-24,CUST0034,East,Odisha,Bhubaneswar,Fashion,Backpack,3,9955.48,35.0,19413.19,3073.08,0.1583
ORD00625,2026-01-24,CUST0081,East,Odisha,Bhubaneswar,Home & Kitchen,Air Fryer,3,3649.82,10.0,9854.51,1856.07,0.1883
ORD00155,2026-01-25,CUST0023,Central,Maharashtra,Nagpur,Fashion,Smart Watch,1,813.91,20.0,651.13,166.82,0.2562
ORD00476,2026-01-25,CUST0062,Central,Madhya Pradesh,Bhopal,Home & Kitchen,Electric Kettle,2,2795.73,10.0,5032.31,933.63,0.1855
ORD00729,2026-01-25,CUST0092,Central,Madhya Pradesh,Bhopal,Fashion,Backpack,2,5701.13,15.0,9691.92,1084.99,0.1119
ORD01121,2026-01-25,CUST0138,South,Kerala,Kochi,Electronics,Smartphone,2,25626.63,5.0,48690.6,13092.72,0.2689
ORD00315,2026-01-26,CUST0044,North,Uttar Pradesh,Lucknow,Home & Kitchen,Electric Kettle,2,5545.23,15.0,9426.89,1506.79,0.1598
ORD00424,2026-01-26,CUST0057,South,Tamil Nadu,Chennai,Home & Kitchen,Air Fryer,1,9088.39,5.0,8633.97,1298.43,0.1504
ORD00884,2026-01-26,CUST0111,South,Karnataka,Bengaluru,Books,Data Analytics Book,3,453.99,5.0,1293.87,273.25,0.2112
ORD00754,2026-01-27,CUST0095,South,Karnataka,Bengaluru,Home & Kitchen,Coffee Maker,3,10696.38,10.0,28880.23,7941.85,0.275
ORD00145,2026-01-28,CUST0022,North,Uttar Pradesh,Lucknow,Fashion,Running Shoes,2,1979.23,35.0,2573.0,297.67,0.1157
ORD00425,2026-01-28,CUST0057,North,Uttar Pradesh,Lucknow,Fashion,Backpack,2,3841.75,20.0,6146.8,807.35,0.1313
ORD00525,2026-01-28,CUST0069,North,Rajasthan,Jaipur,Home & Kitchen,Air Fryer,1,27739.22,15.0,23578.34,4552.82,0.1931
ORD00045,2026-01-29,CUST0009,South,Tamil Nadu,Chennai,Computers & Accessories,Keyboard,3,20296.95,10.0,54801.76,14644.43,0.2672
ORD00960,2026-01-29,CUST0122,South,Karnataka,Bengaluru,Home & Kitchen,Coffee Maker,3,3596.76,15.0,9171.74,1816.68,0.1981
ORD01091,2026-01-29,CUST0135,South,Karnataka,Bengaluru,Electronics,Bluetooth Speaker,2,23362.8,10.0,42053.04,5439.61,0.1294
ORD01092,2026-01-29,CUST0135,East,West Bengal,Kolkata,Home & Kitchen,Air Fryer,1,6022.68,10.0,5420.41,1187.14,0.219
ORD00006,2026-01-30,CUST0002,Central,Madhya Pradesh,Bhopal,Books,Data Analytics Book,3,1836.42,5.0,5233.8,749.41,0.1432
ORD00201,2026-01-30,CUST0029,North,Rajasthan,Jaipur,Beauty,Face Wash,1,4058.84,10.0,3652.96,938.7,0.257
ORD00969,2026-01-30,CUST0123,East,Bihar,Patna,Home & Kitchen,Electric Kettle,3,25296.37,20.0,60711.29,10180.16,0.1677
ORD00641,2026-01-31,CUST0084,South,Tamil Nadu,Chennai,Beauty,Face Wash,1,2052.37,5.0,1949.75,180.38,0.0925
ORD00838,2026-01-31,CUST0105,East,Odisha,Bhubaneswar,Home & Kitchen,Electric Kettle,2,11930.47,35.0,15509.61,3508.71,0.2262
ORD00309,2026-02-01,CUST0042,North,Delhi,Delhi,Beauty,Face Wash,2,1732.25,30.0,2425.15,385.71,0.159
ORD00346,2026-02-01,CUST0049,South,Telangana,Hyderabad,Fashion,Running Shoes,2,5785.28,5.0,10992.03,1861.7,0.1694
ORD00541,2026-02-01,CUST0070,West,Gujarat,Surat,Home & Kitchen,Air Fryer,1,13874.5,30.0,9712.15,1042.43,0.1073
ORD00808,2026-02-01,CUST0101,West,Maharashtra,Mumbai,Electronics,Smartphone,1,6582.78,20.0,5266.22,1464.47,0.2781
ORD00990,2026-02-01,CUST0124,West,Gujarat,Ahmedabad,Fashion,Smart Watch,1,6854.36,5.0,6511.64,633.9,0.0973
ORD00264,2026-02-02,CUST0037,West,Gujarat,Ahmedabad,Beauty,Hair Dryer,3,887.38,30.0,1863.5,352.45,0.1891
ORD00642,2026-02-02,CUST0084,West,Maharashtra,Mumbai,Electronics,Smartphone,2,6239.24,15.0,10606.71,2336.17,0.2203
ORD00012,2026-02-03,CUST0003,South,Kerala,Kochi,Beauty,Hair Dryer,1,1210.49,35.0,786.82,154.39,0.1962
ORD00164,2026-02-03,CUST0024,East,Bihar,Patna,Home & Kitchen,Mixer Grinder,1,12431.58,30.0,8702.11,1056.11,0.1214
ORD00202,2026-02-03,CUST0029,West,Maharashtra,Pune,Computers & Accessories,Laptop,2,14524.67,25.0,21787.01,2511.42,0.1153
ORD00231,2026-02-03,CUST0033,South,Karnataka,Bengaluru,Fashion,Backpack,1,1604.65,30.0,1123.25,259.31,0.2309
ORD00276,2026-02-03,CUST0038,South,Kerala,Kochi,Books,Programming Book,1,1613.01,35.0,1048.46,280.29,0.2673
ORD00643,2026-02-03,CUST0084,Central,Maharashtra,Nagpur,Books,Programming Book,3,1463.56,10.0,3951.61,907.21,0.2296
ORD01041,2026-02-03,CUST0129,South,Karnataka,Bengaluru,Home & Kitchen,Mixer Grinder,1,22048.09,20.0,17638.47,3843.0,0.2179
ORD01098,2026-02-03,CUST0136,East,Odisha,Bhubaneswar,Electronics,Wireless Headphones,3,17417.6,25.0,39189.6,10949.78,0.2794
ORD00046,2026-02-04,CUST0009,South,Tamil Nadu,Chennai,Home & Kitchen,Air Fryer,1,10818.1,30.0,7572.67,1443.34,0.1906
ORD00248,2026-02-04,CUST0036,East,Odisha,Bhubaneswar,Home & Kitchen,Electric Kettle,2,18773.07,25.0,28159.6,5672.53,0.2014
ORD00328,2026-02-04,CUST0046,West,Maharashtra,Mumbai,Books,Programming Book,1,661.28,25.0,495.96,104.99,0.2117
ORD00788,2026-02-04,CUST0099,West,Maharashtra,Pune,Books,Data Analytics Book,1,978.15,20.0,782.52,189.42,0.2421
ORD00948,2026-02-04,CUST0120,West,Gujarat,Surat,Books,Programming Book,3,1813.01,5.0,5167.08,1006.85,0.1949
ORD01042,2026-02-04,CUST0129,Central,Madhya Pradesh,Bhopal,Fashion,Backpack,3,9278.09,35.0,18092.28,3485.5,0.1927
ORD00091,2026-02-05,CUST0014,North,Rajasthan,Jaipur,Beauty,Hair Dryer,3,1802.07,15.0,4595.28,679.05,0.1478
ORD00249,2026-02-05,CUST0036,Central,Maharashtra,Nagpur,Beauty,Face Wash,2,2640.32,5.0,5016.61,520.12,0.1037
ORD00265,2026-02-05,CUST0037,West,Gujarat,Surat,Home & Kitchen,Coffee Maker,1,20446.38,35.0,13290.15,2936.69,0.221
ORD00286,2026-02-05,CUST0039,West,Gujarat,Ahmedabad,Fashion,Backpack,1,7257.92,35.0,4717.65,634.61,0.1345
ORD00755,2026-02-05,CUST0095,West,Maharashtra,Mumbai,Computers & Accessories,Wireless Mouse,3,61182.44,30.0,128483.12,21616.4,0.1682
ORD00932,2026-02-05,CUST0116,Central,Madhya Pradesh,Bhopal,Fashion,Running Shoes,2,4982.91,30.0,6976.07,1704.08,0.2443
ORD01152,2026-02-05,CUST0142,West,Maharashtra,Mumbai,Electronics,Smartphone,3,21284.85,35.0,41505.46,6997.06,0.1686
ORD01153,2026-02-05,CUST0142,North,Rajasthan,Jaipur,Computers & Accessories,Wireless Mouse,1,53238.0,10.0,47914.2,3932.78,0.0821
ORD00186,2026-02-06,CUST0028,East,Odisha,Bhubaneswar,Computers & Accessories,Laptop,3,97062.51,35.0,189271.89,24479.68,0.1293
ORD00469,2026-02-06,CUST0061,North,Rajasthan,Jaipur,Computers & Accessories,Wireless Mouse,2,11520.94,5.0,21889.79,1958.04,0.0894
ORD00483,2026-02-06,CUST0063,East,Odisha,Bhubaneswar,Home & Kitchen,Coffee Maker,2,14359.54,30.0,20103.36,4187.72,0.2083
ORD00526,2026-02-07,CUST0069,South,Tamil Nadu,Chennai,Electronics,Smartphone,1,15393.66,30.0,10775.56,1716.66,0.1593
ORD00568,2026-02-07,CUST0074,West,Gujarat,Surat,Computers & Accessories,Keyboard,3,22797.17,20.0,54713.21,14658.16,0.2679
ORD00626,2026-02-07,CUST0081,West,Maharashtra,Pune,Electronics,Bluetooth Speaker,3,21665.61,35.0,42247.94,6986.08,0.1654
ORD00667,2026-02-07,CUST0086,West,Gujarat,Surat,Beauty,Face Wash,2,1394.0,5.0,2648.6,357.55,0.135
ORD00914,2026-02-07,CUST0115,West,Gujarat,Ahmedabad,Electronics,Wireless Headphones,2,40650.31,5.0,77235.59,6470.05,0.0838
ORD01019,2026-02-07,CUST0127,South,Kerala,Kochi,Computers & Accessories,Laptop,3,10933.95,20.0,26241.48,6586.32,0.251
ORD01199,2026-02-07,CUST0148,South,Karnataka,Bengaluru,Computers & Accessories,Wireless Mouse,2,25860.39,25.0,38790.58,7505.25,0.1935
ORD00141,2026-02-08,CUST0021,Central,Maharashtra,Nagpur,Books,Data Analytics Book,1,210.86,25.0,158.15,19.97,0.1263
ORD00387,2026-02-08,CUST0052,East,West Bengal,Kolkata,Home & Kitchen,Electric Kettle,1,21847.17,20.0,17477.74,4729.39,0.2706
ORD00484,2026-02-08,CUST0063,West,Maharashtra,Pune,Books,Programming Book,3,1441.08,20.0,3458.59,696.0,0.2012
ORD00915,2026-02-08,CUST0115,East,Odisha,Bhubaneswar,Fashion,Running Shoes,2,7738.02,30.0,10833.23,1149.72,0.1061
ORD01025,2026-02-08,CUST0128,Central,Madhya Pradesh,Bhopal,Home & Kitchen,Coffee Maker,3,16817.09,15.0,42883.58,8655.61,0.2018
ORD01083,2026-02-08,CUST0134,South,Kerala,Kochi,Home & Kitchen,Air Fryer,2,18695.23,25.0,28042.85,6519.41,0.2325
ORD01188,2026-02-08,CUST0147,East,Odisha,Bhubaneswar,Books,Programming Book,2,1582.35,5.0,3006.46,309.17,0.1028
ORD00146,2026-02-09,CUST0022,South,Kerala,Kochi,Computers & Accessories,Laptop,3,81769.58,35.0,159450.68,19521.46,0.1224
ORD00561,2026-02-09,CUST0073,South,Tamil Nadu,Chennai,Books,Programming Book,2,614.29,5.0,1167.15,160.56,0.1376
ORD00572,2026-02-09,CUST0075,North,Rajasthan,Jaipur,Computers & Accessories,Wireless Mouse,1,42186.61,20.0,33749.29,2706.63,0.0802
ORD00830,2026-02-09,CUST0104,East,West Bengal,Kolkata,Books,Programming Book,2,889.75,10.0,1601.55,198.36,0.1239
ORD01084,2026-02-09,CUST0134,Central,Maharashtra,Nagpur,Home & Kitchen,Coffee Maker,2,21324.66,10.0,38384.39,5084.33,0.1325
ORD01189,2026-02-09,CUST0147,Central,Madhya Pradesh,Bhopal,Books,Programming Book,2,1461.18,20.0,2337.89,611.25,0.2615
ORD01205,2026-02-09,CUST0149,North,Uttar Pradesh,Lucknow,Fashion,Backpack,2,2404.34,25.0,3606.51,400.3,0.111
ORD00002,2026-02-10,CUST0001,West,Maharashtra,Pune,Fashion,Smart Watch,3,6074.53,15.0,15490.05,4077.02,0.2632
ORD00024,2026-02-10,CUST0005,South,Tamil Nadu,Chennai,Electronics,Wireless Headphones,1,4681.09,10.0,4212.98,382.02,0.0907
ORD00218,2026-02-10,CUST0030,North,Uttar Pradesh,Lucknow,Computers & Accessories,Laptop,2,32035.85,10.0,57664.53,15864.62,0.2751
ORD00297,2026-02-10,CUST0041,South,Telangana,Hyderabad,Home & Kitchen,Electric Kettle,2,8365.11,15.0,14220.69,2753.6,0.1936
ORD00448,2026-02-10,CUST0060,West,Maharashtra,Mumbai,Beauty,Hair Dryer,2,3369.06,25.0,5053.59,715.21,0.1415
ORD00502,2026-02-10,CUST0066,East,Odisha,Bhubaneswar,Home & Kitchen,Electric Kettle,1,10650.73,20.0,8520.58,1260.56,0.1479
ORD00203,2026-02-11,CUST0029,East,Bihar,Patna,Electronics,Bluetooth Speaker,2,28870.82,10.0,51967.48,11289.03,0.2172
ORD00527,2026-02-11,CUST0069,Central,Madhya Pradesh,Bhopal,Home & Kitchen,Mixer Grinder,1,8455.95,20.0,6764.76,1631.41,0.2412
ORD00573,2026-02-11,CUST0075,North,Rajasthan,Jaipur,Electronics,Bluetooth Speaker,1,5994.32,20.0,4795.46,699.25,0.1458
ORD00738,2026-02-11,CUST0093,East,Bihar,Patna,Electronics,Smartphone,3,6750.53,15.0,17213.85,4404.91,0.2559
ORD00916,2026-02-11,CUST0115,South,Karnataka,Bengaluru,Home & Kitchen,Air Fryer,2,10677.53,35.0,13880.79,3210.09,0.2313
ORD00025,2026-02-12,CUST0005,West,Gujarat,Surat,Fashion,Backpack,3,8085.92,15.0,20619.1,2960.87,0.1436
ORD00245,2026-02-12,CUST0035,East,West Bengal,Kolkata,Computers & Accessories,Wireless Mouse,2,32811.13,20.0,52497.81,12459.3,0.2373
ORD00250,2026-02-12,CUST0036,West,Gujarat,Surat,Books,Data Analytics Book,3,2755.1,5.0,7852.03,1105.25,0.1408
ORD00367,2026-02-12,CUST0051,South,Karnataka,Bengaluru,Books,Programming Book,1,2024.76,5.0,1923.52,222.59,0.1157
ORD00421,2026-02-12,CUST0056,East,West Bengal,Kolkata,Books,Programming Book,2,1062.99,30.0,1488.19,148.19,0.0996
ORD00449,2026-02-12,CUST0060,South,Telangana,Hyderabad,Computers & Accessories,Keyboard,1,5293.25,30.0,3705.27,328.42,0.0886
ORD00694,2026-02-12,CUST0089,North,Delhi,Delhi,Electronics,Wireless Headphones,2,55773.09,30.0,78082.33,20888.04,0.2675
ORD00821,2026-02-12,CUST0103,Central,Maharashtra,Nagpur,Computers & Accessories,Laptop,3,42327.03,20.0,101584.87,24953.2,0.2456
ORD00341,2026-02-13,CUST0048,East,West Bengal,Kolkata,Computers & Accessories,Keyboard,1,44527.29,10.0,40074.56,9590.42,0.2393
ORD00430,2026-02-13,CUST0058,North,Rajasthan,Jaipur,Fashion,Running Shoes,2,1247.76,35.0,1622.09,420.03,0.2589
ORD00970,2026-02-13,CUST0123,South,Kerala,Kochi,Computers & Accessories,Wireless Mouse,1,85362.94,20.0,68290.35,8390.77,0.1229
ORD00167,2026-02-14,CUST0025,South,Telangana,Hyderabad,Books,Data Analytics Book,2,459.54,20.0,735.26,95.35,0.1297
ORD00225,2026-02-14,CUST0031,North,Delhi,Delhi,Fashion,Backpack,3,4391.25,30.0,9221.62,2379.66,0.2581
ORD00347,2026-02-14,CUST0049,North,Delhi,Delhi,Home & Kitchen,Mixer Grinder,3,2187.4,10.0,5905.98,993.34,0.1682
ORD00520,2026-02-14,CUST0068,West,Maharashtra,Mumbai,Beauty,Face Wash,2,1475.26,25.0,2212.89,328.66,0.1485
ORD00708,2026-02-14,CUST0090,Central,Maharashtra,Nagpur,Home & Kitchen,Air Fryer,3,13797.83,35.0,26905.77,3078.94,0.1144
ORD01020,2026-02-14,CUST0127,North,Delhi,Delhi,Computers & Accessories,Wireless Mouse,3,35692.7,25.0,80308.57,10015.19,0.1247
ORD01164,2026-02-14,CUST0144,South,Telangana,Hyderabad,Beauty,Face Wash,3,837.12,25.0,1883.52,434.88,0.2309
ORD01175,2026-02-14,CUST0145,East,Odisha,Bhubaneswar,Fashion,Running Shoes,2,3288.64,35.0,4275.23,597.44,0.1397
ORD00204,2026-02-15,CUST0029,South,Tamil Nadu,Chennai,Books,Programming Book,2,2563.58,5.0,4870.8,892.78,0.1833
ORD00219,2026-02-15,CUST0030,Central,Madhya Pradesh,Bhopal,Beauty,Hair Dryer,3,867.0,25.0,1950.75,412.03,0.2112
ORD00528,2026-02-15,CUST0069,West,Gujarat,Surat,Beauty,Face Wash,3,868.35,25.0,1953.79,338.89,0.1735
ORD00746,2026-02-15,CUST0094,North,Rajasthan,Jaipur,Computers & Accessories,Wireless Mouse,3,33816.47,10.0,91304.47,8169.64,0.0895
ORD00813,2026-02-15,CUST0102,West,Maharashtra,Mumbai,Beauty,Face Wash,2,409.54,20.0,655.26,124.27,0.1896
ORD00941,2026-02-15,CUST0119,West,Maharashtra,Mumbai,Fashion,Smart Watch,2,8798.08,20.0,14076.93,2879.72,0.2046
ORD00971,2026-02-15,CUST0123,South,Tamil Nadu,Chennai,Fashion,Smart Watch,1,9068.94,15.0,7708.6,623.47,0.0809
ORD01099,2026-02-15,CUST0136,North,Uttar Pradesh,Lucknow,Books,Programming Book,1,1667.67,5.0,1584.29,342.77,0.2164
ORD01176,2026-02-15,CUST0145,North,Uttar Pradesh,Lucknow,Computers & Accessories,Wireless Mouse,1,76519.03,25.0,57389.27,14871.54,0.2591
ORD00435,2026-02-16,CUST0059,North,Rajasthan,Jaipur,Fashion,Backpack,1,8558.73,5.0,8130.79,1716.34,0.2111
ORD00773,2026-02-16,CUST0098,North,Uttar Pradesh,Lucknow,Computers & Accessories,Keyboard,2,114118.1,25.0,171177.15,29987.24,0.1752
ORD00169,2026-02-17,CUST0026,West,Gujarat,Ahmedabad,Electronics,Bluetooth Speaker,1,50476.13,20.0,40380.9,10928.73,0.2706
ORD00348,2026-02-17,CUST0049,East,Bihar,Patna,Fashion,Smart Watch,3,2308.81,30.0,4848.5,917.14,0.1892
ORD00689,2026-02-17,CUST0088,West,Gujarat,Surat,Computers & Accessories,Keyboard,2,8895.56,35.0,11564.23,3062.88,0.2649
ORD00972,2026-02-17,CUST0123,North,Delhi,Delhi,Home & Kitchen,Air Fryer,3,1523.34,5.0,4341.52,721.22,0.1661
ORD00115,2026-02-18,CUST0018,East,Odisha,Bhubaneswar,Fashion,Backpack,2,7938.58,35.0,10320.15,2218.0,0.2149
ORD00861,2026-02-18,CUST0109,West,Maharashtra,Pune,Computers & Accessories,Keyboard,1,28623.23,25.0,21467.42,3178.29,0.1481
ORD00574,2026-02-19,CUST0075,South,Karnataka,Bengaluru,Home & Kitchen,Coffee Maker,2,5733.81,5.0,10894.24,2922.63,0.2683
ORD00768,2026-02-19,CUST0097,South,Kerala,Kochi,Fashion,Backpack,2,3344.67,5.0,6354.87,771.01,0.1213
ORD01100,2026-02-19,CUST0136,South,Kerala,Kochi,Computers & Accessories,Keyboard,1,87263.1,10.0,78536.79,19304.94,0.2458
ORD01206,2026-02-19,CUST0149,North,Rajasthan,Jaipur,Electronics,Smartphone,1,14346.79,20.0,11477.43,1323.12,0.1153
ORD00187,2026-02-20,CUST0028,Central,Madhya Pradesh,Bhopal,Fashion,Running Shoes,3,2341.84,10.0,6322.97,681.18,0.1077
ORD00529,2026-02-20,CUST0069,West,Maharashtra,Pune,Fashion,Backpack,1,7123.81,15.0,6055.24,1055.89,0.1744
ORD00594,2026-02-20,CUST0077,West,Maharashtra,Mumbai,Fashion,Running Shoes,1,6775.96,30.0,4743.17,1209.6,0.255
ORD00618,2026-02-20,CUST0080,East,West Bengal,Kolkata,Home & Kitchen,Coffee Maker,2,12692.19,35.0,16499.85,4342.95,0.2632
ORD00499,2026-02-21,CUST0065,South,Telangana,Hyderabad,Books,Programming Book,2,1954.81,20.0,3127.7,821.61,0.2627
ORD00575,2026-02-21,CUST0075,West,Gujarat,Surat,Electronics,Smartphone,1,7344.71,10.0,6610.24,1826.11,0.2763
ORD00586,2026-02-21,CUST0076,West,Gujarat,Ahmedabad,Beauty,Face Wash,1,362.3,10.0,326.07,40.59,0.1245
ORD00892,2026-02-21,CUST0112,West,Maharashtra,Pune,Books,Data Analytics Book,3,1334.72,20.0,3203.33,743.36,0.2321
ORD00942,2026-02-21,CUST0119,North,Rajasthan,Jaipur,Computers & Accessories,Wireless Mouse,3,30883.46,20.0,74120.3,9858.32,0.133
ORD00995,2026-02-21,CUST0125,South,Telangana,Hyderabad,Electronics,Bluetooth Speaker,3,34962.85,25.0,78666.41,11647.36,0.1481
ORD00038,2026-02-22,CUST0007,East,West Bengal,Kolkata,Home & Kitchen,Electric Kettle,3,2549.95,35.0,4972.4,492.36,0.099
ORD00407,2026-02-22,CUST0054,South,Karnataka,Bengaluru,Home & Kitchen,Air Fryer,1,7165.2,30.0,5015.64,974.99,0.1944
ORD00831,2026-02-22,CUST0104,West,Maharashtra,Mumbai,Computers & Accessories,Keyboard,1,29085.65,25.0,21814.24,4741.34,0.2174
ORD00841,2026-02-22,CUST0106,North,Delhi,Delhi,Home & Kitchen,Electric Kettle,2,3682.75,5.0,6997.22,1525.97,0.2181
ORD00885,2026-02-22,CUST0111,South,Telangana,Hyderabad,Electronics,Wireless Headphones,1,26746.33,25.0,20059.75,5424.96,0.2704
ORD01043,2026-02-22,CUST0129,East,Bihar,Patna,Computers & Accessories,Keyboard,3,3227.62,25.0,7262.15,1779.91,0.2451
ORD00047,2026-02-23,CUST0009,Central,Maharashtra,Nagpur,Beauty,Face Wash,2,4058.86,20.0,6494.18,1008.36,0.1553
ORD00756,2026-02-23,CUST0095,South,Kerala,Kochi,Computers & Accessories,Laptop,1,16464.45,30.0,11525.11,2099.31,0.1822
ORD00789,2026-02-23,CUST0099,North,Uttar Pradesh,Lucknow,Fashion,Smart Watch,3,8937.48,5.0,25471.82,5443.3,0.2137
ORD00335,2026-02-24,CUST0047,South,Karnataka,Bengaluru,Electronics,Smartphone,2,6897.69,5.0,13105.61,3176.15,0.2424
ORD00388,2026-02-24,CUST0052,West,Maharashtra,Pune,Fashion,Running Shoes,2,2119.18,35.0,2754.93,489.97,0.1779
ORD00477,2026-02-24,CUST0062,North,Uttar Pradesh,Lucknow,Electronics,Smartphone,3,33455.96,5.0,95349.49,11403.43,0.1196
ORD00668,2026-02-24,CUST0086,Central,Maharashtra,Nagpur,Fashion,Running Shoes,1,3524.1,20.0,2819.28,423.65,0.1503
ORD00790,2026-02-24,CUST0099,West,Gujarat,Ahmedabad,Electronics,Smartphone,3,55426.25,20.0,133023.0,32454.56,0.244
ORD01207,2026-02-24,CUST0149,South,Telangana,Hyderabad,Electronics,Wireless Headphones,3,9040.22,10.0,24408.59,3043.74,0.1247
ORD00226,2026-02-25,CUST0031,North,Uttar Pradesh,Lucknow,Electronics,Smartphone,2,12899.59,30.0,18059.43,1659.61,0.0919
ORD00251,2026-02-25,CUST0036,West,Maharashtra,Pune,Fashion,Smart Watch,3,1252.14,35.0,2441.67,421.76,0.1727
ORD00342,2026-02-25,CUST0048,East,Odisha,Bhubaneswar,Computers & Accessories,Wireless Mouse,3,15140.23,10.0,40878.62,10154.82,0.2484
ORD00436,2026-02-25,CUST0059,West,Gujarat,Ahmedabad,Home & Kitchen,Air Fryer,1,24223.99,35.0,15745.59,4019.12,0.2553
ORD00774,2026-02-25,CUST0098,West,Gujarat,Surat,Fashion,Backpack,2,5760.73,20.0,9217.17,1272.54,0.1381
ORD01026,2026-02-25,CUST0128,South,Kerala,Kochi,Books,Programming Book,2,1080.22,30.0,1512.31,128.71,0.0851
ORD00485,2026-02-26,CUST0063,East,Odisha,Bhubaneswar,Electronics,Smartphone,3,12855.49,20.0,30853.18,7855.14,0.2546
ORD00669,2026-02-26,CUST0086,West,Gujarat,Ahmedabad,Computers & Accessories,Keyboard,2,103338.21,30.0,144673.49,26642.22,0.1842
ORD00822,2026-02-26,CUST0103,South,Karnataka,Bengaluru,Computers & Accessories,Keyboard,3,22962.33,15.0,58553.94,9311.43,0.159
ORD00530,2026-02-27,CUST0069,West,Maharashtra,Pune,Home & Kitchen,Coffee Maker,1,15676.96,20.0,12541.57,3054.71,0.2436
ORD00791,2026-02-27,CUST0099,South,Tamil Nadu,Chennai,Electronics,Bluetooth Speaker,2,31328.73,30.0,43860.22,6898.11,0.1573
ORD00845,2026-02-27,CUST0107,South,Kerala,Kochi,Fashion,Smart Watch,1,3260.15,15.0,2771.13,476.38,0.1719
ORD01057,2026-02-27,CUST0131,East,Bihar,Patna,Fashion,Backpack,3,11036.49,5.0,31454.0,3613.38,0.1149
ORD01122,2026-02-27,CUST0138,East,Odisha,Bhubaneswar,Computers & Accessories,Laptop,1,65487.87,5.0,62213.48,7585.02,0.1219
ORD00036,2026-02-28,CUST0006,Central,Maharashtra,Nagpur,Books,Data Analytics Book,2,514.75,20.0,823.6,205.66,0.2497
ORD00109,2026-02-28,CUST0017,South,Telangana,Hyderabad,Books,Data Analytics Book,3,1066.97,5.0,3040.86,799.93,0.2631
ORD00205,2026-02-28,CUST0029,Central,Maharashtra,Nagpur,Electronics,Smartphone,1,37233.92,5.0,35372.22,5081.76,0.1437
ORD00266,2026-02-28,CUST0037,East,Odisha,Bhubaneswar,Home & Kitchen,Electric Kettle,3,10937.84,15.0,27891.49,4248.43,0.1523
ORD00644,2026-02-28,CUST0084,West,Maharashtra,Pune,Home & Kitchen,Mixer Grinder,3,1409.98,10.0,3806.95,556.27,0.1461
ORD00862,2026-02-28,CUST0109,East,Odisha,Bhubaneswar,Computers & Accessories,Wireless Mouse,1,27358.54,20.0,21886.83,5454.99,0.2492
ORD01101,2026-02-28,CUST0136,West,Maharashtra,Mumbai,Computers & Accessories,Laptop,1,84289.31,35.0,54788.05,6453.44,0.1178
ORD01212,2026-02-28,CUST0150,West,Maharashtra,Pune,Books,Data Analytics Book,1,1527.19,25.0,1145.39,158.58,0.1385
ORD00017,2026-03-01,CUST0004,Central,Maharashtra,Nagpur,Computers & Accessories,Laptop,3,80148.67,20.0,192356.81,45579.46,0.237
ORD00048,2026-03-01,CUST0009,South,Kerala,Kochi,Beauty,Hair Dryer,3,3768.43,35.0,7348.44,762.0,0.1037
ORD00079,2026-03-01,CUST0013,North,Uttar Pradesh,Lucknow,Fashion,Running Shoes,3,3270.61,25.0,7358.87,604.5,0.0821
ORD00110,2026-03-01,CUST0017,West,Gujarat,Surat,Computers & Accessories,Laptop,2,10943.85,5.0,20793.31,1942.79,0.0934
ORD00470,2026-03-01,CUST0061,West,Maharashtra,Pune,Fashion,Smart Watch,1,7646.79,5.0,7264.45,1668.02,0.2296
ORD00542,2026-03-01,CUST0070,East,Odisha,Bhubaneswar,Electronics,Bluetooth Speaker,2,32154.92,35.0,41801.4,5841.82,0.1398
ORD00917,2026-03-01,CUST0115,West,Maharashtra,Mumbai,Electronics,Bluetooth Speaker,1,28719.36,30.0,20103.55,5136.16,0.2555
ORD00252,2026-03-02,CUST0036,South,Tamil Nadu,Chennai,Home & Kitchen,Air Fryer,3,6572.54,25.0,14788.22,2297.3,0.1553
ORD00324,2026-03-02,CUST0045,West,Maharashtra,Pune,Home & Kitchen,Electric Kettle,2,2438.22,30.0,3413.51,928.9,0.2721
ORD00368,2026-03-02,CUST0051,South,Telangana,Hyderabad,Beauty,Face Wash,3,2550.27,10.0,6885.73,830.13,0.1206
ORD00886,2026-03-02,CUST0111,South,Tamil Nadu,Chennai,Computers & Accessories,Keyboard,2,35471.13,30.0,49659.58,6384.03,0.1286
ORD01154,2026-03-02,CUST0142,South,Telangana,Hyderabad,Books,Data Analytics Book,2,1349.65,25.0,2024.48,185.84,0.0918
ORD01208,2026-03-02,CUST0149,West,Maharashtra,Pune,Home & Kitchen,Electric Kettle,3,14062.63,15.0,35859.71,3170.22,0.0884
ORD01213,2026-03-02,CUST0150,East,Odisha,Bhubaneswar,Electronics,Bluetooth Speaker,2,41689.55,5.0,79210.15,14717.41,0.1858
ORD00253,2026-03-03,CUST0036,South,Kerala,Kochi,Books,Programming Book,2,555.39,25.0,833.09,153.66,0.1844
ORD00709,2026-03-03,CUST0090,South,Telangana,Hyderabad,Electronics,Smartphone,2,27173.05,20.0,43476.88,11027.82,0.2536
ORD00814,2026-03-03,CUST0102,South,Kerala,Kochi,Computers & Accessories,Wireless Mouse,3,36375.82,5.0,103671.09,23248.66,0.2243
ORD00846,2026-03-03,CUST0107,South,Tamil Nadu,Chennai,Beauty,Face Wash,3,2122.36,15.0,5412.02,752.34,0.139
ORD00093,2026-03-04,CUST0015,West,Maharashtra,Pune,Home & Kitchen,Electric Kettle,2,14326.74,30.0,20057.44,3520.1,0.1755
ORD00712,2026-03-04,CUST0091,West,Gujarat,Ahmedabad,Beauty,Face Wash,2,2469.53,35.0,3210.39,401.46,0.1251
ORD00918,2026-03-04,CUST0115,South,Tamil Nadu,Chennai,Beauty,Hair Dryer,1,895.22,10.0,805.7,133.94,0.1662
ORD00919,2026-03-04,CUST0115,West,Maharashtra,Pune,Books,Data Analytics Book,1,1927.15,35.0,1252.65,121.45,0.097
ORD01027,2026-03-04,CUST0128,South,Telangana,Hyderabad,Electronics,Smartphone,1,43358.53,5.0,41190.6,7618.57,0.185
ORD01147,2026-03-04,CUST0141,South,Telangana,Hyderabad,Books,Programming Book,2,993.38,5.0,1887.42,366.1,0.194
ORD00775,2026-03-05,CUST0098,North,Rajasthan,Jaipur,Home & Kitchen,Air Fryer,3,18104.24,5.0,51597.08,12331.98,0.239
ORD00863,2026-03-05,CUST0109,South,Tamil Nadu,Chennai,Fashion,Running Shoes,1,1262.97,20.0,1010.38,274.05,0.2712
ORD00049,2026-03-06,CUST0009,West,Maharashtra,Pune,Books,Data Analytics Book,1,1795.77,5.0,1705.98,337.19,0.1977
ORD00267,2026-03-06,CUST0037,West,Maharashtra,Mumbai,Home & Kitchen,Mixer Grinder,3,3059.48,5.0,8719.52,2057.58,0.236
ORD00325,2026-03-07,CUST0045,North,Delhi,Delhi,Fashion,Smart Watch,1,4908.41,35.0,3190.47,479.88,0.1504
ORD00757,2026-03-07,CUST0095,North,Delhi,Delhi,Electronics,Smartphone,1,25351.12,10.0,22816.01,5824.45,0.2553
ORD01093,2026-03-07,CUST0135,East,Odisha,Bhubaneswar,Fashion,Smart Watch,2,6478.85,10.0,11661.93,1725.23,0.1479
ORD01102,2026-03-07,CUST0136,East,Odisha,Bhubaneswar,Computers & Accessories,Wireless Mouse,1,94140.59,25.0,70605.44,8342.19,0.1182
ORD00050,2026-03-08,CUST0009,North,Delhi,Delhi,Fashion,Running Shoes,1,877.33,20.0,701.86,172.01,0.2451
ORD00619,2026-03-08,CUST0080,North,Uttar Pradesh,Lucknow,Books,Data Analytics Book,1,1332.97,20.0,1066.38,95.44,0.0895
ORD00713,2026-03-08,CUST0091,North,Uttar Pradesh,Lucknow,Computers & Accessories,Keyboard,2,48881.28,20.0,78210.05,21862.02,0.2795
ORD01214,2026-03-08,CUST0150,South,Tamil Nadu,Chennai,Computers & Accessories,Wireless Mouse,2,28402.85,25.0,42604.27,10207.42,0.2396
ORD00147,2026-03-09,CUST0022,West,Gujarat,Ahmedabad,Home & Kitchen,Air Fryer,2,15034.54,35.0,19544.9,3045.3,0.1558
ORD00268,2026-03-09,CUST0037,East,West Bengal,Kolkata,Home & Kitchen,Air Fryer,3,21128.88,25.0,47539.98,4137.65,0.087
ORD00847,2026-03-09,CUST0107,Central,Maharashtra,Nagpur,Fashion,Smart Watch,3,4326.29,15.0,11032.04,3057.76,0.2772
ORD00943,2026-03-09,CUST0119,West,Maharashtra,Mumbai,Home & Kitchen,Mixer Grinder,1,9230.61,25.0,6922.96,929.44,0.1343
ORD00018,2026-03-10,CUST0004,South,Karnataka,Bengaluru,Books,Data Analytics Book,1,490.4,15.0,416.84,99.78,0.2394
ORD00905,2026-03-10,CUST0114,North,Uttar Pradesh,Lucknow,Books,Data Analytics Book,2,1729.67,25.0,2594.51,550.27,0.2121
ORD01181,2026-03-10,CUST0146,West,Gujarat,Ahmedabad,Fashion,Backpack,3,1633.78,20.0,3921.07,501.65,0.1279
ORD01190,2026-03-10,CUST0147,South,Tamil Nadu,Chennai,Fashion,Running Shoes,3,4633.78,15.0,11816.14,2375.62,0.201
ORD00013,2026-03-11,CUST0003,East,West Bengal,Kolkata,Home & Kitchen,Air Fryer,1,9235.4,5.0,8773.63,1998.6,0.2278
ORD00298,2026-03-11,CUST0041,East,Odisha,Bhubaneswar,Home & Kitchen,Coffee Maker,3,13600.3,5.0,38760.85,4846.48,0.125
ORD00638,2026-03-11,CUST0083,North,Delhi,Delhi,Electronics,Wireless Headphones,3,4002.54,30.0,8405.33,2124.99,0.2528
ORD00653,2026-03-11,CUST0085,North,Rajasthan,Jaipur,Electronics,Bluetooth Speaker,3,6246.83,5.0,17803.47,2630.27,0.1477
ORD00670,2026-03-11,CUST0086,West,Maharashtra,Pune,Computers & Accessories,Laptop,2,96225.83,15.0,163583.91,16473.24,0.1007
ORD00864,2026-03-11,CUST0109,South,Karnataka,Bengaluru,Beauty,Face Wash,1,5605.91,30.0,3924.14,536.14,0.1366
ORD01028,2026-03-11,CUST0128,North,Delhi,Delhi,Computers & Accessories,Keyboard,2,25094.05,15.0,42659.88,5034.68,0.118
ORD01044,2026-03-11,CUST0129,West,Maharashtra,Mumbai,Home & Kitchen,Air Fryer,3,4574.79,15.0,11665.71,2123.13,0.182
ORD00369,2026-03-12,CUST0051,East,Odisha,Bhubaneswar,Fashion,Running Shoes,1,8252.7,25.0,6189.53,1675.07,0.2706
ORD00690,2026-03-12,CUST0088,Central,Madhya Pradesh,Bhopal,Home & Kitchen,Air Fryer,3,11725.94,10.0,31660.04,8767.34,0.2769
ORD00695,2026-03-12,CUST0089,West,Maharashtra,Mumbai,Beauty,Face Wash,1,587.39,30.0,411.17,69.99,0.1702
ORD00933,2026-03-12,CUST0116,West,Maharashtra,Mumbai,Beauty,Face Wash,1,1205.1,25.0,903.82,194.85,0.2156
ORD01182,2026-03-12,CUST0146,North,Delhi,Delhi,Electronics,Wireless Headphones,1,4247.09,35.0,2760.61,631.98,0.2289
ORD01215,2026-03-12,CUST0150,Central,Madhya Pradesh,Bhopal,Books,Programming Book,1,1974.53,15.0,1678.35,290.61,0.1732
ORD00507,2026-03-13,CUST0067,South,Karnataka,Bengaluru,Electronics,Wireless Headphones,2,5359.31,25.0,8038.97,2243.77,0.2791
ORD00645,2026-03-13,CUST0084,East,Bihar,Patna,Computers & Accessories,Wireless Mouse,1,86872.44,30.0,60810.71,13324.26,0.2191
ORD00654,2026-03-13,CUST0085,South,Karnataka,Bengaluru,Electronics,Smartphone,1,12047.83,35.0,7831.09,2116.81,0.2703
ORD00769,2026-03-13,CUST0097,North,Delhi,Delhi,Electronics,Smartphone,1,9137.0,10.0,8223.3,916.81,0.1115
ORD00973,2026-03-13,CUST0123,South,Karnataka,Bengaluru,Electronics,Smartphone,3,16623.97,25.0,37403.93,5301.0,0.1417
ORD01103,2026-03-13,CUST0136,North,Rajasthan,Jaipur,Home & Kitchen,Mixer Grinder,2,23835.11,10.0,42903.2,6758.78,0.1575
ORD01209,2026-03-13,CUST0149,South,Karnataka,Bengaluru,Home & Kitchen,Mixer Grinder,1,2926.32,30.0,2048.42,198.64,0.097
ORD00051,2026-03-14,CUST0009,West,Gujarat,Surat,Computers & Accessories,Keyboard,1,57111.47,20.0,45689.18,6414.1,0.1404
ORD00450,2026-03-14,CUST0060,Central,Madhya Pradesh,Bhopal,Electronics,Wireless Headphones,3,34159.68,35.0,66611.38,15407.25,0.2313
ORD00696,2026-03-14,CUST0089,South,Karnataka,Bengaluru,Books,Programming Book,2,418.59,15.0,711.6,163.86,0.2303
ORD01011,2026-03-14,CUST0126,East,West Bengal,Kolkata,Computers & Accessories,Wireless Mouse,3,22618.51,35.0,44106.09,5537.85,0.1256
ORD01021,2026-03-14,CUST0127,South,Telangana,Hyderabad,Beauty,Face Wash,1,2104.62,35.0,1368.0,277.77,0.203
ORD01200,2026-03-14,CUST0148,West,Maharashtra,Pune,Electronics,Bluetooth Speaker,2,28166.32,25.0,42249.48,5234.49,0.1239
ORD00188,2026-03-15,CUST0028,West,Maharashtra,Pune,Computers & Accessories,Wireless Mouse,3,84299.28,35.0,164383.6,19808.96,0.1205
ORD00238,2026-03-15,CUST0034,East,Odisha,Bhubaneswar,Computers & Accessories,Keyboard,3,46016.89,20.0,110440.54,19035.93,0.1724
ORD00299,2026-03-15,CUST0041,West,Maharashtra,Mumbai,Books,Programming Book,3,1398.97,35.0,2727.99,694.5,0.2546
ORD00353,2026-03-15,CUST0050,West,Maharashtra,Mumbai,Home & Kitchen,Coffee Maker,1,4629.9,35.0,3009.43,341.49,0.1135
ORD00531,2026-03-15,CUST0069,East,West Bengal,Kolkata,Fashion,Smart Watch,2,5633.21,30.0,7886.49,1977.38,0.2507
ORD00949,2026-03-15,CUST0120,North,Rajasthan,Jaipur,Home & Kitchen,Air Fryer,1,14162.12,30.0,9913.48,1694.75,0.171
ORD00052,2026-03-16,CUST0009,South,Tamil Nadu,Chennai,Beauty,Face Wash,2,4063.47,5.0,7720.59,2157.19,0.2794
ORD00552,2026-03-16,CUST0071,East,Odisha,Bhubaneswar,Electronics,Bluetooth Speaker,1,22335.82,25.0,16751.86,3513.19,0.2097
ORD00996,2026-03-16,CUST0125,East,West Bengal,Kolkata,Books,Data Analytics Book,3,2524.09,5.0,7193.66,1575.47,0.219
ORD01201,2026-03-16,CUST0148,Central,Maharashtra,Nagpur,Fashion,Smart Watch,1,6452.59,25.0,4839.44,1223.02,0.2527
ORD00080,2026-03-17,CUST0013,South,Kerala,Kochi,Computers & Accessories,Laptop,2,38734.83,10.0,69722.69,7891.31,0.1132
ORD00116,2026-03-17,CUST0018,Central,Maharashtra,Nagpur,Computers & Accessories,Wireless Mouse,3,134024.05,10.0,361864.93,42351.18,0.117
ORD00168,2026-03-17,CUST0025,West,Gujarat,Ahmedabad,Computers & Accessories,Wireless Mouse,1,8465.16,35.0,5502.35,1417.39,0.2576
ORD00254,2026-03-17,CUST0036,South,Karnataka,Bengaluru,Beauty,Face Wash,1,1328.74,25.0,996.56,148.32,0.1488
ORD01029,2026-03-17,CUST0128,Central,Madhya Pradesh,Bhopal,Home & Kitchen,Coffee Maker,3,20107.63,5.0,57306.75,6312.27,0.1101
ORD00007,2026-03-18,CUST0002,South,Tamil Nadu,Chennai,Electronics,Wireless Headphones,3,26697.66,15.0,68079.03,6732.56,0.0989
ORD00389,2026-03-18,CUST0052,West,Maharashtra,Pune,Electronics,Bluetooth Speaker,1,9801.96,25.0,7351.47,657.77,0.0895
ORD00646,2026-03-18,CUST0084,West,Maharashtra,Mumbai,Electronics,Bluetooth Speaker,3,35959.98,25.0,80909.96,9625.66,0.119
ORD00671,2026-03-18,CUST0086,North,Uttar Pradesh,Lucknow,Fashion,Running Shoes,2,8541.03,30.0,11957.44,2366.68,0.1979
ORD01210,2026-03-18,CUST0149,East,Bihar,Patna,Electronics,Smartphone,3,17332.68,15.0,44198.33,11026.16,0.2495
ORD00326,2026-03-19,CUST0045,West,Gujarat,Ahmedabad,Fashion,Backpack,1,2677.41,35.0,1740.32,171.88,0.0988
ORD00532,2026-03-19,CUST0069,West,Maharashtra,Pune,Electronics,Bluetooth Speaker,2,35016.03,10.0,63028.85,14360.14,0.2278
ORD00762,2026-03-19,CUST0096,West,Gujarat,Ahmedabad,Computers & Accessories,Wireless Mouse,2,74397.4,15.0,126475.58,27336.02,0.2161
ORD00950,2026-03-19,CUST0120,Central,Madhya Pradesh,Bhopal,Electronics,Bluetooth Speaker,1,23577.25,5.0,22398.39,5424.44,0.2422
ORD00019,2026-03-20,CUST0004,East,Bihar,Patna,Home & Kitchen,Air Fryer,1,11671.34,30.0,8169.94,2071.47,0.2535
ORD00500,2026-03-20,CUST0065,North,Uttar Pradesh,Lucknow,Electronics,Wireless Headphones,3,34452.58,10.0,93021.97,18979.21,0.204
ORD01045,2026-03-20,CUST0129,South,Kerala,Kochi,Books,Data Analytics Book,2,635.44,25.0,953.16,219.87,0.2307
ORD00003,2026-03-21,CUST0001,North,Rajasthan,Jaipur,Beauty,Hair Dryer,1,362.49,5.0,344.37,53.1,0.1542
ORD00008,2026-03-21,CUST0002,West,Gujarat,Ahmedabad,Fashion,Smart Watch,3,3067.64,5.0,8742.77,1120.77,0.1282
ORD00064,2026-03-21,CUST0010,North,Rajasthan,Jaipur,Home & Kitchen,Mixer Grinder,3,10237.2,20.0,24569.28,5092.76,0.2073
ORD00287,2026-03-21,CUST0039,South,Telangana,Hyderabad,Electronics,Smartphone,3,35528.83,10.0,95927.84,11466.58,0.1195
ORD00730,2026-03-22,CUST0092,East,Bihar,Patna,Computers & Accessories,Keyboard,2,72995.76,25.0,109493.64,14836.63,0.1355
ORD00906,2026-03-22,CUST0114,West,Gujarat,Ahmedabad,Home & Kitchen,Electric Kettle,3,6505.08,10.0,17563.72,3456.76,0.1968
ORD00065,2026-03-23,CUST0010,East,Odisha,Bhubaneswar,Books,Data Analytics Book,2,556.22,10.0,1001.2,140.44,0.1403
ORD00102,2026-03-23,CUST0016,North,Delhi,Delhi,Books,Data Analytics Book,2,1186.07,30.0,1660.5,149.1,0.0898
ORD00227,2026-03-23,CUST0031,Central,Madhya Pradesh,Bhopal,Computers & Accessories,Keyboard,1,36692.57,20.0,29354.06,6337.7,0.2159
ORD00354,2026-03-23,CUST0050,West,Gujarat,Surat,Fashion,Backpack,2,4282.85,25.0,6424.28,1043.64,0.1625
ORD00587,2026-03-23,CUST0076,Central,Maharashtra,Nagpur,Electronics,Bluetooth Speaker,3,7982.89,25.0,17961.5,2939.5,0.1637
ORD00865,2026-03-23,CUST0109,Central,Madhya Pradesh,Bhopal,Home & Kitchen,Electric Kettle,3,21010.99,25.0,47274.73,7780.63,0.1646
ORD00094,2026-03-24,CUST0015,South,Telangana,Hyderabad,Beauty,Hair Dryer,3,2584.2,20.0,6202.08,1690.95,0.2726
ORD00292,2026-03-24,CUST0040,West,Maharashtra,Pune,Computers & Accessories,Wireless Mouse,1,27073.45,10.0,24366.1,4227.44,0.1735
ORD00576,2026-03-24,CUST0075,South,Telangana,Hyderabad,Fashion,Backpack,2,6948.57,35.0,9033.14,882.43,0.0977
ORD00900,2026-03-24,CUST0113,West,Gujarat,Ahmedabad,Fashion,Backpack,2,3247.58,10.0,5845.64,629.11,0.1076
ORD01129,2026-03-24,CUST0139,East,Bihar,Patna,Electronics,Wireless Headphones,1,12836.05,35.0,8343.43,1654.48,0.1983
ORD00776,2026-03-25,CUST0098,West,Gujarat,Surat,Computers & Accessories,Wireless Mouse,3,83524.9,25.0,187931.02,39564.29,0.2105
ORD00037,2026-03-26,CUST0006,South,Tamil Nadu,Chennai,Home & Kitchen,Electric Kettle,2,9939.64,20.0,15903.42,3285.38,0.2066
ORD00220,2026-03-26,CUST0030,West,Maharashtra,Mumbai,Beauty,Hair Dryer,1,2511.04,5.0,2385.49,453.68,0.1902
ORD00336,2026-03-26,CUST0047,Central,Madhya Pradesh,Bhopal,Electronics,Wireless Headphones,2,17067.48,5.0,32428.21,8900.55,0.2745
ORD00103,2026-03-27,CUST0016,Central,Madhya Pradesh,Bhopal,Computers & Accessories,Laptop,1,45133.07,35.0,29336.5,2373.32,0.0809
ORD00180,2026-03-27,CUST0027,South,Telangana,Hyderabad,Fashion,Backpack,3,3593.66,20.0,8624.78,1859.66,0.2156
ORD00437,2026-03-27,CUST0059,East,West Bengal,Kolkata,Home & Kitchen,Electric Kettle,1,9008.16,35.0,5855.3,1097.49,0.1874
ORD00451,2026-03-27,CUST0060,West,Maharashtra,Mumbai,Home & Kitchen,Electric Kettle,3,12093.27,20.0,29023.85,4206.39,0.1449
ORD00588,2026-03-27,CUST0076,West,Maharashtra,Pune,Electronics,Bluetooth Speaker,1,30538.9,5.0,29011.96,7399.76,0.2551
ORD00758,2026-03-27,CUST0095,East,Odisha,Bhubaneswar,Computers & Accessories,Keyboard,3,17408.46,5.0,49614.11,9044.96,0.1823
ORD01177,2026-03-27,CUST0145,East,Odisha,Bhubaneswar,Electronics,Bluetooth Speaker,3,33901.6,25.0,76278.6,16293.64,0.2136
ORD00288,2026-03-28,CUST0039,West,Gujarat,Surat,Computers & Accessories,Wireless Mouse,1,48014.42,35.0,31209.37,7243.98,0.2321
ORD00452,2026-03-28,CUST0060,East,Odisha,Bhubaneswar,Home & Kitchen,Electric Kettle,1,10860.89,25.0,8145.67,2114.81,0.2596
ORD00697,2026-03-28,CUST0089,North,Rajasthan,Jaipur,Books,Programming Book,2,1945.9,15.0,3308.03,469.98,0.1421
ORD00714,2026-03-28,CUST0091,North,Uttar Pradesh,Lucknow,Electronics,Smartphone,2,36399.97,35.0,47319.96,9021.06,0.1906
ORD00792,2026-03-28,CUST0099,East,Bihar,Patna,Home & Kitchen,Coffee Maker,2,10911.41,15.0,18549.4,3505.28,0.189
ORD00832,2026-03-28,CUST0104,South,Tamil Nadu,Chennai,Beauty,Face Wash,2,716.17,25.0,1074.25,206.2,0.1919
ORD00355,2026-03-29,CUST0050,West,Maharashtra,Pune,Fashion,Smart Watch,1,3220.0,35.0,2093.0,376.83,0.18
ORD00453,2026-03-29,CUST0060,South,Telangana,Hyderabad,Beauty,Hair Dryer,2,724.67,15.0,1231.94,143.08,0.1161
ORD00715,2026-03-29,CUST0091,West,Maharashtra,Pune,Computers & Accessories,Keyboard,1,53804.94,15.0,45734.2,10968.04,0.2398
ORD00866,2026-03-29,CUST0109,South,Tamil Nadu,Chennai,Home & Kitchen,Electric Kettle,3,24061.28,5.0,68574.65,19176.98,0.2797
ORD00053,2026-03-30,CUST0009,North,Delhi,Delhi,Books,Data Analytics Book,3,1001.39,30.0,2102.92,212.99,0.1013
ORD00189,2026-03-30,CUST0028,Central,Maharashtra,Nagpur,Home & Kitchen,Coffee Maker,3,18876.89,35.0,36809.94,7436.05,0.202
ORD00277,2026-03-30,CUST0038,North,Uttar Pradesh,Lucknow,Fashion,Smart Watch,1,1663.91,25.0,1247.93,229.51,0.1839
ORD00337,2026-03-30,CUST0047,North,Uttar Pradesh,Lucknow,Electronics,Bluetooth Speaker,3,26326.06,30.0,55284.73,6292.89,0.1138
ORD00390,2026-03-30,CUST0052,South,Tamil Nadu,Chennai,Computers & Accessories,Wireless Mouse,1,17813.81,20.0,14251.05,2321.08,0.1629
ORD00508,2026-03-30,CUST0067,West,Gujarat,Surat,Electronics,Wireless Headphones,2,21267.8,30.0,29774.92,7305.42,0.2454
ORD00509,2026-03-30,CUST0067,West,Gujarat,Ahmedabad,Home & Kitchen,Coffee Maker,1,12041.87,25.0,9031.4,2274.05,0.2518
ORD00569,2026-03-30,CUST0074,East,Odisha,Bhubaneswar,Home & Kitchen,Air Fryer,2,6804.46,10.0,12248.03,2101.51,0.1716
ORD00589,2026-03-30,CUST0076,Central,Maharashtra,Nagpur,Beauty,Face Wash,1,3005.21,10.0,2704.69,710.46,0.2627
ORD01052,2026-03-30,CUST0130,South,Tamil Nadu,Chennai,Computers & Accessories,Keyboard,1,90892.51,15.0,77258.63,19082.02,0.247
ORD00190,2026-03-31,CUST0028,East,West Bengal,Kolkata,Computers & Accessories,Wireless Mouse,1,78219.92,15.0,66486.93,18298.91,0.2752
ORD00329,2026-03-31,CUST0046,Central,Madhya Pradesh,Bhopal,Books,Data Analytics Book,2,246.57,10.0,443.83,98.7,0.2224
ORD00454,2026-03-31,CUST0060,East,Odisha,Bhubaneswar,Computers & Accessories,Keyboard,1,32734.88,10.0,29461.39,6859.06,0.2328
ORD00533,2026-03-31,CUST0069,West,Gujarat,Ahmedabad,Computers & Accessories,Wireless Mouse,1,94887.15,10.0,85398.43,15562.05,0.1822
ORD00601,2026-03-31,CUST0078,North,Rajasthan,Jaipur,Fashion,Smart Watch,3,3318.15,15.0,8461.28,1966.53,0.2324
ORD01058,2026-03-31,CUST0131,Central,Madhya Pradesh,Bhopal,Electronics,Wireless Headphones,2,11850.73,5.0,22516.39,4071.91,0.1808
ORD01216,2026-03-31,CUST0150,East,West Bengal,Kolkata,Electronics,Wireless Headphones,3,32890.27,15.0,83870.19,16128.13,0.1923
ORD00111,2026-04-01,CUST0017,West,Gujarat,Ahmedabad,Computers & Accessories,Keyboard,1,1992.27,15.0,1693.43,350.38,0.2069
ORD00503,2026-04-01,CUST0066,East,Bihar,Patna,Computers & Accessories,Wireless Mouse,3,50257.79,15.0,128157.36,35113.37,0.274
ORD00731,2026-04-01,CUST0092,East,West Bengal,Kolkata,Home & Kitchen,Air Fryer,2,13521.4,25.0,20282.1,3896.81,0.1921
ORD00191,2026-04-02,CUST0028,South,Tamil Nadu,Chennai,Home & Kitchen,Mixer Grinder,2,18477.25,5.0,35106.78,5617.52,0.16
ORD00686,2026-04-02,CUST0087,South,Tamil Nadu,Chennai,Books,Data Analytics Book,2,239.11,30.0,334.75,35.75,0.1068
ORD00020,2026-04-03,CUST0004,South,Telangana,Hyderabad,Fashion,Smart Watch,2,4687.72,5.0,8906.67,1471.17,0.1652
ORD00438,2026-04-03,CUST0059,West,Gujarat,Ahmedabad,Home & Kitchen,Air Fryer,1,2736.87,20.0,2189.5,286.63,0.1309
ORD00543,2026-04-03,CUST0070,North,Delhi,Delhi,Computers & Accessories,Laptop,2,29516.28,20.0,47226.05,8123.23,0.172
ORD00687,2026-04-03,CUST0087,South,Kerala,Kochi,Home & Kitchen,Coffee Maker,2,1077.02,20.0,1723.23,217.84,0.1264
ORD01059,2026-04-03,CUST0131,Central,Maharashtra,Nagpur,Home & Kitchen,Electric Kettle,2,17606.06,15.0,29930.3,2413.63,0.0806
ORD00486,2026-04-04,CUST0063,South,Tamil Nadu,Chennai,Fashion,Running Shoes,2,1500.33,25.0,2250.49,279.84,0.1243
ORD01130,2026-04-04,CUST0139,East,Odisha,Bhubaneswar,Home & Kitchen,Air Fryer,1,8584.62,5.0,8155.39,1185.98,0.1454
ORD01178,2026-04-04,CUST0145,North,Rajasthan,Jaipur,Beauty,Face Wash,1,1540.46,30.0,1078.32,224.36,0.2081
ORD00300,2026-04-05,CUST0041,North,Rajasthan,Jaipur,Beauty,Face Wash,1,1168.01,15.0,992.81,132.66,0.1336
ORD00391,2026-04-05,CUST0052,South,Tamil Nadu,Chennai,Home & Kitchen,Electric Kettle,2,8107.45,5.0,15404.15,3125.15,0.2029
ORD00997,2026-04-05,CUST0125,East,Bihar,Patna,Home & Kitchen,Mixer Grinder,1,29107.6,10.0,26196.84,3565.52,0.1361
ORD01053,2026-04-05,CUST0130,North,Rajasthan,Jaipur,Beauty,Face Wash,2,2123.31,35.0,2760.3,373.64,0.1354
ORD00069,2026-04-06,CUST0011,East,Bihar,Patna,Computers & Accessories,Laptop,2,42933.05,15.0,72986.18,6365.27,0.0872
ORD00148,2026-04-06,CUST0022,West,Gujarat,Surat,Home & Kitchen,Electric Kettle,2,15191.77,30.0,21268.48,5031.95,0.2366
ORD00848,2026-04-06,CUST0107,South,Telangana,Hyderabad,Beauty,Face Wash,2,2631.29,10.0,4736.32,499.57,0.1055
ORD00014,2026-04-07,CUST0003,East,West Bengal,Kolkata,Books,Data Analytics Book,1,278.51,20.0,222.81,35.54,0.1595
ORD00343,2026-04-07,CUST0048,East,West Bengal,Kolkata,Computers & Accessories,Keyboard,2,64959.1,30.0,90942.74,8689.48,0.0955
ORD00493,2026-04-07,CUST0064,North,Delhi,Delhi,Beauty,Face Wash,3,1156.92,35.0,2255.99,276.02,0.1223
ORD00710,2026-04-07,CUST0090,South,Tamil Nadu,Chennai,Books,Data Analytics Book,1,839.3,30.0,587.51,97.8,0.1665
ORD00777,2026-04-07,CUST0098,North,Rajasthan,Jaipur,Fashion,Backpack,3,12408.83,20.0,29781.19,6744.36,0.2265
ORD01132,2026-04-07,CUST0140,East,Bihar,Patna,Beauty,Face Wash,1,1974.38,10.0,1776.94,481.4,0.2709
ORD00015,2026-04-08,CUST0003,Central,Madhya Pradesh,Bhopal,Beauty,Hair Dryer,1,1174.69,20.0,939.75,254.79,0.2711
ORD00054,2026-04-08,CUST0009,South,Kerala,Kochi,Beauty,Hair Dryer,1,3526.61,25.0,2644.96,259.44,0.0981
ORD00117,2026-04-08,CUST0018,East,Odisha,Bhubaneswar,Electronics,Bluetooth Speaker,2,9046.41,15.0,15378.9,4168.76,0.2711
ORD00134,2026-04-08,CUST0020,South,Kerala,Kochi,Computers & Accessories,Keyboard,3,8156.39,5.0,23245.71,3470.49,0.1493
ORD00221,2026-04-08,CUST0030,South,Telangana,Hyderabad,Home & Kitchen,Mixer Grinder,3,12360.57,20.0,29665.37,2666.67,0.0899
ORD00269,2026-04-08,CUST0037,West,Gujarat,Ahmedabad,Electronics,Bluetooth Speaker,1,10848.26,35.0,7051.37,872.54,0.1237
ORD00338,2026-04-08,CUST0047,West,Gujarat,Ahmedabad,Computers & Accessories,Wireless Mouse,1,6732.1,10.0,6058.89,571.12,0.0943
ORD00627,2026-04-08,CUST0081,West,Maharashtra,Mumbai,Beauty,Face Wash,3,539.73,5.0,1538.23,344.98,0.2243
ORD00778,2026-04-08,CUST0098,South,Kerala,Kochi,Fashion,Running Shoes,1,3597.25,10.0,3237.53,533.56,0.1648
ORD00793,2026-04-08,CUST0099,South,Tamil Nadu,Chennai,Home & Kitchen,Mixer Grinder,2,14744.17,20.0,23590.67,5977.13,0.2534
ORD00991,2026-04-08,CUST0124,North,Uttar Pradesh,Lucknow,Beauty,Hair Dryer,3,1662.17,25.0,3739.88,316.59,0.0847
ORD01012,2026-04-08,CUST0126,Central,Maharashtra,Nagpur,Beauty,Face Wash,1,3321.27,20.0,2657.02,404.35,0.1522
ORD01030,2026-04-08,CUST0128,West,Maharashtra,Mumbai,Electronics,Bluetooth Speaker,1,21642.8,15.0,18396.38,5146.91,0.2798
ORD01060,2026-04-08,CUST0131,West,Maharashtra,Mumbai,Fashion,Running Shoes,1,1393.24,35.0,905.61,76.55,0.0845
ORD01155,2026-04-08,CUST0142,East,Odisha,Bhubaneswar,Fashion,Backpack,1,3965.18,30.0,2775.63,455.61,0.1641
ORD00081,2026-04-09,CUST0013,West,Gujarat,Surat,Books,Data Analytics Book,3,1536.09,20.0,3686.62,913.6,0.2478
ORD00439,2026-04-09,CUST0059,West,Gujarat,Ahmedabad,Fashion,Running Shoes,2,3072.3,25.0,4608.45,946.53,0.2054
ORD00487,2026-04-09,CUST0063,North,Delhi,Delhi,Fashion,Smart Watch,2,8910.24,25.0,13365.36,2649.98,0.1983
ORD00647,2026-04-09,CUST0084,West,Maharashtra,Pune,Fashion,Running Shoes,1,5792.09,20.0,4633.67,474.6,0.1024
ORD00672,2026-04-09,CUST0086,East,Odisha,Bhubaneswar,Beauty,Face Wash,3,2140.64,35.0,4174.25,430.87,0.1032
ORD00763,2026-04-09,CUST0096,Central,Maharashtra,Nagpur,Fashion,Running Shoes,3,6734.68,15.0,17173.43,3793.47,0.2209
ORD00809,2026-04-09,CUST0101,South,Karnataka,Bengaluru,Beauty,Hair Dryer,2,2482.39,15.0,4220.06,405.7,0.0961
ORD00920,2026-04-09,CUST0115,West,Maharashtra,Mumbai,Home & Kitchen,Coffee Maker,2,18996.33,35.0,24695.23,5597.64,0.2267
ORD00082,2026-04-10,CUST0013,East,Odisha,Bhubaneswar,Beauty,Hair Dryer,2,648.76,20.0,1038.02,164.54,0.1585
ORD00349,2026-04-10,CUST0049,North,Delhi,Delhi,Fashion,Smart Watch,2,4146.39,20.0,6634.22,1353.01,0.2039
ORD00416,2026-04-10,CUST0055,North,Rajasthan,Jaipur,Computers & Accessories,Laptop,1,41772.07,25.0,31329.05,8324.29,0.2657
ORD00595,2026-04-10,CUST0077,North,Uttar Pradesh,Lucknow,Fashion,Backpack,3,2970.48,5.0,8465.87,1703.76,0.2013
ORD00867,2026-04-10,CUST0109,East,Odisha,Bhubaneswar,Home & Kitchen,Electric Kettle,2,24455.14,25.0,36682.71,4487.05,0.1223
ORD01148,2026-04-10,CUST0141,West,Maharashtra,Mumbai,Fashion,Backpack,1,7114.05,15.0,6046.94,1178.51,0.1949
ORD01159,2026-04-10,CUST0143,North,Rajasthan,Jaipur,Computers & Accessories,Wireless Mouse,1,61968.08,5.0,58869.68,11665.31,0.1982
ORD00590,2026-04-11,CUST0076,North,Uttar Pradesh,Lucknow,Books,Programming Book,2,832.26,25.0,1248.39,102.82,0.0824
ORD00698,2026-04-11,CUST0089,East,Odisha,Bhubaneswar,Beauty,Hair Dryer,2,2741.46,20.0,4386.34,835.45,0.1905
ORD00842,2026-04-11,CUST0106,North,Delhi,Delhi,Books,Programming Book,2,625.65,35.0,813.35,152.56,0.1876
ORD00228,2026-04-12,CUST0032,West,Maharashtra,Mumbai,Electronics,Smartphone,2,4471.7,5.0,8496.23,2141.53,0.2521
ORD00239,2026-04-12,CUST0034,West,Maharashtra,Pune,Fashion,Running Shoes,2,6194.17,15.0,10530.09,1570.52,0.1491
ORD00316,2026-04-12,CUST0044,East,Bihar,Patna,Computers & Accessories,Wireless Mouse,1,16781.97,30.0,11747.38,2779.21,0.2366
ORD00392,2026-04-12,CUST0052,West,Maharashtra,Pune,Home & Kitchen,Mixer Grinder,3,17177.02,5.0,48954.51,4051.25,0.0828
ORD00504,2026-04-12,CUST0066,South,Karnataka,Bengaluru,Electronics,Bluetooth Speaker,3,13810.42,15.0,35216.57,6644.02,0.1887
ORD00699,2026-04-12,CUST0089,South,Karnataka,Bengaluru,Home & Kitchen,Mixer Grinder,3,16638.15,20.0,39931.56,9796.93,0.2453
ORD00843,2026-04-12,CUST0106,West,Maharashtra,Mumbai,Computers & Accessories,Keyboard,2,28443.57,30.0,39821.0,3236.05,0.0813
ORD00998,2026-04-12,CUST0125,South,Karnataka,Bengaluru,Home & Kitchen,Air Fryer,3,8888.36,25.0,19998.81,3523.42,0.1762
ORD00356,2026-04-13,CUST0050,North,Uttar Pradesh,Lucknow,Fashion,Smart Watch,2,10105.4,35.0,13137.02,1639.36,0.1248
ORD00370,2026-04-13,CUST0051,East,Bihar,Patna,Home & Kitchen,Electric Kettle,3,7476.74,20.0,17944.18,2726.32,0.1519
ORD00639,2026-04-13,CUST0083,North,Uttar Pradesh,Lucknow,Electronics,Bluetooth Speaker,1,10173.6,10.0,9156.24,781.68,0.0854
ORD00655,2026-04-13,CUST0085,East,Odisha,Bhubaneswar,Computers & Accessories,Keyboard,1,121861.92,15.0,103582.63,21579.58,0.2083
ORD00510,2026-04-14,CUST0067,Central,Madhya Pradesh,Bhopal,Electronics,Bluetooth Speaker,2,34081.27,5.0,64754.41,16009.88,0.2472
ORD00961,2026-04-14,CUST0122,North,Delhi,Delhi,Home & Kitchen,Electric Kettle,2,2937.43,20.0,4699.89,886.46,0.1886
ORD00301,2026-04-15,CUST0041,East,Bihar,Patna,Fashion,Backpack,2,7584.36,15.0,12893.41,2467.8,0.1914
ORD00317,2026-04-15,CUST0044,South,Kerala,Kochi,Electronics,Bluetooth Speaker,1,37719.99,25.0,28289.99,7063.34,0.2497
ORD00471,2026-04-15,CUST0061,North,Rajasthan,Jaipur,Electronics,Smartphone,2,18455.69,30.0,25837.97,3923.26,0.1518
ORD00596,2026-04-15,CUST0077,West,Maharashtra,Mumbai,Electronics,Smartphone,2,10172.69,5.0,19328.11,3668.04,0.1898
ORD00711,2026-04-15,CUST0090,South,Tamil Nadu,Chennai,Fashion,Running Shoes,1,1802.51,15.0,1532.13,271.0,0.1769
ORD00868,2026-04-15,CUST0109,East,Bihar,Patna,Books,Data Analytics Book,1,1459.75,35.0,948.84,130.77,0.1378
ORD01149,2026-04-15,CUST0141,South,Tamil Nadu,Chennai,Home & Kitchen,Electric Kettle,2,8584.68,5.0,16310.89,4231.97,0.2595
ORD00118,2026-04-16,CUST0018,South,Kerala,Kochi,Books,Programming Book,2,1607.74,5.0,3054.71,830.74,0.272
ORD00246,2026-04-16,CUST0035,North,Delhi,Delhi,Beauty,Face Wash,1,2555.08,35.0,1660.8,320.56,0.193
ORD00270,2026-04-16,CUST0037,West,Gujarat,Surat,Home & Kitchen,Electric Kettle,3,21246.9,35.0,41431.46,5273.07,0.1273
ORD00478,2026-04-16,CUST0062,East,Odisha,Bhubaneswar,Books,Programming Book,1,409.19,35.0,265.97,59.88,0.2251
ORD00602,2026-04-16,CUST0078,Central,Madhya Pradesh,Bhopal,Home & Kitchen,Air Fryer,3,6285.9,35.0,12257.51,3304.99,0.2696
ORD01094,2026-04-16,CUST0135,West,Maharashtra,Pune,Fashion,Running Shoes,1,6765.62,25.0,5074.22,708.49,0.1396
ORD01133,2026-04-16,CUST0140,Central,Madhya Pradesh,Bhopal,Books,Programming Book,2,1205.72,30.0,1688.01,310.19,0.1838
ORD01202,2026-04-16,CUST0148,Central,Maharashtra,Nagpur,Electronics,Smartphone,1,9120.34,15.0,7752.29,1892.77,0.2442
ORD00488,2026-04-17,CUST0063,West,Maharashtra,Pune,Computers & Accessories,Keyboard,3,45323.13,35.0,88380.1,19855.83,0.2247
ORD00511,2026-04-17,CUST0067,West,Gujarat,Ahmedabad,Electronics,Smartphone,2,8650.51,5.0,16435.97,2778.52,0.1691
ORD00554,2026-04-17,CUST0072,East,Odisha,Bhubaneswar,Fashion,Running Shoes,3,6687.56,20.0,16050.14,4285.25,0.267
ORD00716,2026-04-17,CUST0091,Central,Maharashtra,Nagpur,Home & Kitchen,Electric Kettle,2,20243.84,25.0,30365.76,5552.8,0.1829
ORD00806,2026-04-17,CUST0100,East,West Bengal,Kolkata,Computers & Accessories,Laptop,2,4609.6,10.0,8297.28,754.68,0.091
ORD00869,2026-04-17,CUST0109,East,Bihar,Patna,Home & Kitchen,Coffee Maker,3,1706.48,35.0,3327.64,675.85,0.2031
ORD00901,2026-04-17,CUST0113,North,Uttar Pradesh,Lucknow,Computers & Accessories,Wireless Mouse,3,2803.75,15.0,7149.56,1861.68,0.2604
ORD00156,2026-04-18,CUST0023,East,Odisha,Bhubaneswar,Computers & Accessories,Keyboard,1,10765.86,35.0,6997.81,1290.41,0.1844
ORD00628,2026-04-18,CUST0081,South,Tamil Nadu,Chennai,Fashion,Smart Watch,2,6732.03,5.0,12790.86,3010.73,0.2354
ORD00957,2026-04-18,CUST0121,West,Gujarat,Surat,Fashion,Running Shoes,1,4594.94,20.0,3675.95,679.98,0.185
ORD01104,2026-04-18,CUST0136,South,Tamil Nadu,Chennai,Books,Data Analytics Book,3,1373.92,5.0,3915.67,635.63,0.1623
ORD01131,2026-04-18,CUST0139,South,Karnataka,Bengaluru,Home & Kitchen,Mixer Grinder,1,15045.8,25.0,11284.35,1337.74,0.1185
ORD00311,2026-04-20,CUST0043,South,Karnataka,Bengaluru,Home & Kitchen,Electric Kettle,2,8640.5,5.0,16416.95,2665.6,0.1624
ORD00417,2026-04-20,CUST0055,Central,Maharashtra,Nagpur,Electronics,Wireless Headphones,2,12603.45,35.0,16384.49,3846.88,0.2348
ORD00823,2026-04-20,CUST0103,Central,Maharashtra,Nagpur,Home & Kitchen,Air Fryer,3,15757.68,30.0,33091.13,3716.47,0.1123
ORD00607,2026-04-21,CUST0079,North,Uttar Pradesh,Lucknow,Beauty,Face Wash,2,3635.47,25.0,5453.2,924.19,0.1695
ORD00620,2026-04-21,CUST0080,West,Maharashtra,Pune,Electronics,Smartphone,2,11272.05,10.0,20289.69,2312.78,0.114
ORD00293,2026-04-22,CUST0040,West,Gujarat,Ahmedabad,Home & Kitchen,Mixer Grinder,3,4367.64,30.0,9172.04,1309.49,0.1428
ORD00350,2026-04-22,CUST0049,East,West Bengal,Kolkata,Beauty,Face Wash,3,1720.16,20.0,4128.38,827.32,0.2004
ORD00534,2026-04-22,CUST0069,North,Uttar Pradesh,Lucknow,Beauty,Hair Dryer,1,2517.41,35.0,1636.32,453.9,0.2774
ORD00608,2026-04-22,CUST0079,East,Odisha,Bhubaneswar,Home & Kitchen,Mixer Grinder,3,19617.96,10.0,52968.49,11044.2,0.2085
ORD00609,2026-04-22,CUST0079,South,Karnataka,Bengaluru,Fashion,Running Shoes,3,2916.83,10.0,7875.44,783.68,0.0995
ORD00717,2026-04-22,CUST0091,South,Tamil Nadu,Chennai,Fashion,Smart Watch,1,5787.45,35.0,3761.84,439.72,0.1169
ORD00747,2026-04-22,CUST0094,West,Maharashtra,Pune,Home & Kitchen,Electric Kettle,1,7665.92,30.0,5366.14,691.23,0.1288
ORD00907,2026-04-22,CUST0114,West,Maharashtra,Pune,Electronics,Wireless Headphones,3,28684.05,15.0,73144.33,11918.93,0.163
ORD00119,2026-04-23,CUST0018,North,Delhi,Delhi,Fashion,Smart Watch,1,1482.18,5.0,1408.07,131.1,0.0931
ORD00351,2026-04-23,CUST0049,Central,Maharashtra,Nagpur,Fashion,Smart Watch,2,1019.66,20.0,1631.46,287.66,0.1763
ORD00393,2026-04-23,CUST0052,South,Karnataka,Bengaluru,Computers & Accessories,Wireless Mouse,1,55916.64,15.0,47529.14,11504.93,0.2421
ORD00597,2026-04-23,CUST0077,Central,Madhya Pradesh,Bhopal,Electronics,Bluetooth Speaker,2,22879.11,30.0,32030.75,7827.55,0.2444
ORD00610,2026-04-23,CUST0079,Central,Madhya Pradesh,Bhopal,Books,Data Analytics Book,2,1633.1,25.0,2449.65,438.75,0.1791
ORD00849,2026-04-23,CUST0107,East,West Bengal,Kolkata,Books,Data Analytics Book,3,829.01,20.0,1989.62,480.23,0.2414
ORD00893,2026-04-23,CUST0112,West,Maharashtra,Mumbai,Computers & Accessories,Wireless Mouse,2,64623.32,5.0,122784.31,20605.6,0.1678
ORD00553,2026-04-24,CUST0071,West,Gujarat,Ahmedabad,Home & Kitchen,Coffee Maker,2,4445.88,20.0,7113.41,735.45,0.1034
ORD00577,2026-04-24,CUST0075,West,Gujarat,Surat,Beauty,Hair Dryer,3,1164.12,25.0,2619.27,429.6,0.164
ORD00732,2026-04-24,CUST0092,East,Odisha,Bhubaneswar,Beauty,Face Wash,3,2182.87,25.0,4911.46,579.32,0.118
ORD00856,2026-04-24,CUST0108,South,Telangana,Hyderabad,Electronics,Smartphone,3,4194.68,10.0,11325.64,2456.59,0.2169
ORD01061,2026-04-24,CUST0131,East,West Bengal,Kolkata,Home & Kitchen,Coffee Maker,1,23479.33,25.0,17609.5,3551.54,0.2017
ORD00700,2026-04-25,CUST0089,West,Gujarat,Surat,Beauty,Face Wash,1,5276.84,20.0,4221.47,711.02,0.1684
ORD00718,2026-04-25,CUST0091,West,Maharashtra,Pune,Beauty,Hair Dryer,3,3507.5,35.0,6839.62,1207.75,0.1766
ORD00764,2026-04-25,CUST0096,South,Karnataka,Bengaluru,Fashion,Backpack,1,6462.49,5.0,6139.37,595.49,0.097
ORD00770,2026-04-25,CUST0097,North,Delhi,Delhi,Home & Kitchen,Air Fryer,2,13813.49,25.0,20720.24,4965.27,0.2396
ORD00142,2026-04-26,CUST0021,East,Bihar,Patna,Books,Data Analytics Book,2,487.59,25.0,731.38,139.48,0.1907
ORD00157,2026-04-26,CUST0023,North,Uttar Pradesh,Lucknow,Electronics,Wireless Headphones,2,6320.99,5.0,12009.88,2117.32,0.1763
ORD00440,2026-04-26,CUST0059,West,Maharashtra,Pune,Computers & Accessories,Keyboard,2,42132.7,25.0,63199.05,14812.09,0.2344
ORD00555,2026-04-26,CUST0072,South,Karnataka,Bengaluru,Home & Kitchen,Mixer Grinder,3,16030.65,5.0,45687.35,10415.17,0.228
ORD00974,2026-04-26,CUST0123,South,Kerala,Kochi,Beauty,Hair Dryer,1,4906.04,25.0,3679.53,1005.94,0.2734
ORD01062,2026-04-26,CUST0131,West,Maharashtra,Mumbai,Fashion,Running Shoes,1,2232.25,25.0,1674.19,428.71,0.2561
ORD00278,2026-04-27,CUST0038,South,Karnataka,Bengaluru,Electronics,Wireless Headphones,2,19202.81,10.0,34565.06,6126.87,0.1773
ORD00431,2026-04-27,CUST0058,West,Maharashtra,Pune,Computers & Accessories,Laptop,1,23116.04,25.0,17337.03,3876.78,0.2236
ORD00432,2026-04-27,CUST0058,South,Karnataka,Bengaluru,Home & Kitchen,Air Fryer,3,2954.56,5.0,8420.5,2357.34,0.28
ORD00631,2026-04-27,CUST0082,South,Telangana,Hyderabad,Computers & Accessories,Keyboard,2,12731.78,15.0,21644.03,3167.6,0.1463
ORD00748,2026-04-27,CUST0094,Central,Madhya Pradesh,Bhopal,Home & Kitchen,Air Fryer,2,11704.57,20.0,18727.31,2071.62,0.1106
ORD01031,2026-04-27,CUST0128,West,Maharashtra,Mumbai,Fashion,Backpack,1,10899.85,35.0,7084.9,1955.78,0.276
ORD01203,2026-04-27,CUST0148,North,Delhi,Delhi,Books,Data Analytics Book,2,940.87,20.0,1505.39,196.44,0.1305
ORD00170,2026-04-28,CUST0026,North,Uttar Pradesh,Lucknow,Electronics,Bluetooth Speaker,3,30524.07,10.0,82414.99,10766.44,0.1306
ORD00206,2026-04-28,CUST0029,Central,Maharashtra,Nagpur,Computers & Accessories,Keyboard,2,52354.84,10.0,94238.71,20209.76,0.2145
ORD00357,2026-04-28,CUST0050,East,West Bengal,Kolkata,Computers & Accessories,Wireless Mouse,3,28541.03,10.0,77060.78,15141.59,0.1965
ORD00648,2026-04-28,CUST0084,North,Uttar Pradesh,Lucknow,Home & Kitchen,Electric Kettle,2,3277.89,10.0,5900.2,628.43,0.1065
ORD00815,2026-04-28,CUST0102,Central,Madhya Pradesh,Bhopal,Computers & Accessories,Laptop,2,15911.94,15.0,27050.3,7045.9,0.2605
ORD00921,2026-04-28,CUST0115,East,Bihar,Patna,Electronics,Wireless Headphones,2,34756.3,35.0,45183.19,5732.54,0.1269
ORD00026,2026-04-29,CUST0005,Central,Maharashtra,Nagpur,Home & Kitchen,Electric Kettle,3,20404.41,30.0,42849.26,3800.52,0.0887
ORD00135,2026-04-29,CUST0020,West,Gujarat,Surat,Electronics,Wireless Headphones,2,8167.2,30.0,11434.08,2534.0,0.2216
ORD00171,2026-04-29,CUST0026,East,Bihar,Patna,Electronics,Wireless Headphones,1,8684.8,35.0,5645.12,814.63,0.1443
ORD00240,2026-04-29,CUST0034,North,Rajasthan,Jaipur,Home & Kitchen,Mixer Grinder,1,2992.68,10.0,2693.41,605.0,0.2246
ORD00271,2026-04-29,CUST0037,South,Telangana,Hyderabad,Electronics,Wireless Headphones,3,8669.82,5.0,24708.99,2940.98,0.119
ORD00371,2026-04-29,CUST0051,East,West Bengal,Kolkata,Computers & Accessories,Laptop,1,5667.91,15.0,4817.72,1070.89,0.2223
ORD00603,2026-04-29,CUST0078,East,West Bengal,Kolkata,Computers & Accessories,Wireless Mouse,1,31290.45,20.0,25032.36,3971.38,0.1586
ORD00649,2026-04-29,CUST0084,South,Karnataka,Bengaluru,Beauty,Hair Dryer,1,1522.28,15.0,1293.94,186.87,0.1444
ORD00779,2026-04-29,CUST0098,South,Tamil Nadu,Chennai,Computers & Accessories,Wireless Mouse,3,45342.89,15.0,115624.37,23214.24,0.2008
ORD00794,2026-04-29,CUST0099,West,Maharashtra,Mumbai,Electronics,Bluetooth Speaker,2,57897.61,5.0,110005.46,21122.31,0.192
ORD00962,2026-04-29,CUST0122,East,West Bengal,Kolkata,Computers & Accessories,Wireless Mouse,3,44665.85,5.0,127297.67,18753.67,0.1473
ORD00104,2026-04-30,CUST0016,Central,Maharashtra,Nagpur,Home & Kitchen,Electric Kettle,2,10603.73,5.0,20147.09,3229.0,0.1603
ORD00521,2026-04-30,CUST0068,South,Tamil Nadu,Chennai,Electronics,Smartphone,1,8762.0,35.0,5695.3,1021.24,0.1793
ORD00598,2026-04-30,CUST0077,North,Uttar Pradesh,Lucknow,Computers & Accessories,Keyboard,3,48708.97,20.0,116901.53,20408.37,0.1746
ORD00095,2026-05-01,CUST0015,East,West Bengal,Kolkata,Fashion,Backpack,3,6372.37,5.0,18161.25,4113.21,0.2265
ORD00207,2026-05-01,CUST0029,North,Delhi,Delhi,Fashion,Smart Watch,2,10315.67,25.0,15473.51,3779.35,0.2442
ORD00922,2026-05-01,CUST0115,South,Kerala,Kochi,Beauty,Hair Dryer,2,3719.91,25.0,5579.86,1176.2,0.2108
ORD00181,2026-05-02,CUST0027,North,Uttar Pradesh,Lucknow,Beauty,Hair Dryer,3,451.5,35.0,880.43,227.59,0.2585
ORD00352,2026-05-02,CUST0049,South,Tamil Nadu,Chennai,Beauty,Face Wash,2,1725.14,20.0,2760.22,751.99,0.2724
ORD00739,2026-05-02,CUST0093,South,Tamil Nadu,Chennai,Electronics,Wireless Headphones,3,8468.56,35.0,16513.69,4260.58,0.258
ORD00963,2026-05-02,CUST0122,East,West Bengal,Kolkata,Books,Programming Book,1,556.43,25.0,417.32,67.61,0.162
ORD01191,2026-05-02,CUST0147,South,Kerala,Kochi,Fashion,Smart Watch,2,6346.92,20.0,10155.07,2288.75,0.2254
ORD00241,2026-05-03,CUST0034,Central,Maharashtra,Nagpur,Home & Kitchen,Mixer Grinder,3,5429.13,20.0,13029.91,3011.32,0.2311
ORD01032,2026-05-03,CUST0128,North,Uttar Pradesh,Lucknow,Books,Programming Book,1,1302.75,20.0,1042.2,108.45,0.1041
ORD01063,2026-05-03,CUST0131,North,Rajasthan,Jaipur,Beauty,Hair Dryer,1,2489.15,15.0,2115.78,488.03,0.2307
ORD01095,2026-05-03,CUST0135,South,Telangana,Hyderabad,Home & Kitchen,Mixer Grinder,1,11387.37,30.0,7971.16,1699.74,0.2132
ORD00027,2026-05-04,CUST0005,South,Karnataka,Bengaluru,Computers & Accessories,Laptop,1,26572.34,10.0,23915.11,4645.43,0.1942
ORD00255,2026-05-04,CUST0036,West,Maharashtra,Mumbai,Computers & Accessories,Laptop,1,143334.67,10.0,129001.2,31191.71,0.2418
ORD00494,2026-05-04,CUST0064,South,Tamil Nadu,Chennai,Fashion,Smart Watch,3,2781.32,10.0,7509.56,1626.59,0.2166
ORD00870,2026-05-04,CUST0109,West,Gujarat,Ahmedabad,Books,Programming Book,1,2728.2,35.0,1773.33,464.54,0.262
ORD00372,2026-05-05,CUST0051,West,Gujarat,Ahmedabad,Electronics,Wireless Headphones,2,20295.2,25.0,30442.8,6151.91,0.2021
ORD00999,2026-05-05,CUST0125,North,Delhi,Delhi,Computers & Accessories,Laptop,2,70180.2,35.0,91234.26,21757.47,0.2385
ORD01123,2026-05-05,CUST0138,North,Rajasthan,Jaipur,Home & Kitchen,Air Fryer,2,12025.75,35.0,15633.48,1331.74,0.0852
ORD00232,2026-05-06,CUST0033,North,Rajasthan,Jaipur,Books,Programming Book,1,1112.48,35.0,723.11,64.24,0.0888
ORD00408,2026-05-06,CUST0054,West,Maharashtra,Pune,Computers & Accessories,Laptop,2,77518.78,15.0,131781.93,11569.91,0.0878
ORD00632,2026-05-06,CUST0082,North,Uttar Pradesh,Lucknow,Electronics,Wireless Headphones,1,4218.5,30.0,2952.95,420.56,0.1424
ORD00650,2026-05-06,CUST0084,South,Kerala,Kochi,Beauty,Face Wash,3,2640.44,35.0,5148.86,720.76,0.14
ORD01160,2026-05-06,CUST0143,South,Karnataka,Bengaluru,Computers & Accessories,Laptop,2,20643.27,35.0,26836.25,7041.14,0.2624
ORD00039,2026-05-07,CUST0007,South,Telangana,Hyderabad,Fashion,Backpack,3,983.34,20.0,2360.02,253.66,0.1075
ORD00120,2026-05-07,CUST0018,West,Maharashtra,Mumbai,Beauty,Hair Dryer,2,3406.19,30.0,4768.67,430.1,0.0902
ORD00256,2026-05-07,CUST0036,West,Gujarat,Surat,Home & Kitchen,Air Fryer,3,4057.71,25.0,9129.85,2321.55,0.2543
ORD00422,2026-05-07,CUST0056,East,Odisha,Bhubaneswar,Computers & Accessories,Wireless Mouse,3,31982.21,5.0,91149.3,15462.86,0.1696
ORD00824,2026-05-07,CUST0103,East,West Bengal,Kolkata,Home & Kitchen,Air Fryer,2,2649.47,5.0,5033.99,685.95,0.1363
ORD00908,2026-05-07,CUST0114,West,Gujarat,Ahmedabad,Computers & Accessories,Keyboard,2,81033.86,10.0,145860.95,16082.86,0.1103
ORD00096,2026-05-08,CUST0015,North,Rajasthan,Jaipur,Books,Programming Book,2,896.84,35.0,1165.89,319.41,0.274
ORD00143,2026-05-08,CUST0021,South,Tamil Nadu,Chennai,Home & Kitchen,Mixer Grinder,2,9466.62,30.0,13253.27,2563.02,0.1934
ORD00279,2026-05-08,CUST0038,Central,Maharashtra,Nagpur,Home & Kitchen,Electric Kettle,2,9558.42,35.0,12425.95,2467.69,0.1986
ORD00409,2026-05-08,CUST0054,South,Telangana,Hyderabad,Home & Kitchen,Electric Kettle,3,3056.45,10.0,8252.41,1893.29,0.2294
ORD00512,2026-05-08,CUST0067,East,Bihar,Patna,Computers & Accessories,Keyboard,1,15384.78,20.0,12307.82,1975.09,0.1605
ORD00909,2026-05-08,CUST0114,South,Telangana,Hyderabad,Electronics,Bluetooth Speaker,3,23266.13,35.0,45368.95,5766.17,0.1271
ORD01000,2026-05-08,CUST0125,East,West Bengal,Kolkata,Home & Kitchen,Electric Kettle,3,9435.4,10.0,25475.58,6513.51,0.2557
ORD00149,2026-05-09,CUST0022,Central,Maharashtra,Nagpur,Home & Kitchen,Coffee Maker,3,3007.32,35.0,5864.27,1484.33,0.2531
ORD00172,2026-05-09,CUST0026,Central,Madhya Pradesh,Bhopal,Fashion,Backpack,3,6726.11,15.0,17151.58,3196.66,0.1864
ORD00358,2026-05-09,CUST0050,East,Odisha,Bhubaneswar,Beauty,Hair Dryer,1,4539.15,20.0,3631.32,754.61,0.2078
ORD00394,2026-05-09,CUST0052,North,Delhi,Delhi,Home & Kitchen,Mixer Grinder,1,14227.17,25.0,10670.38,900.22,0.0844
ORD00544,2026-05-09,CUST0070,West,Maharashtra,Pune,Books,Programming Book,1,1095.12,10.0,985.61,192.25,0.1951
ORD00656,2026-05-09,CUST0085,South,Telangana,Hyderabad,Fashion,Running Shoes,3,9684.62,20.0,23243.09,4106.91,0.1767
ORD00871,2026-05-09,CUST0109,North,Uttar Pradesh,Lucknow,Beauty,Hair Dryer,1,5792.83,35.0,3765.34,364.74,0.0969
ORD00951,2026-05-09,CUST0120,West,Gujarat,Surat,Beauty,Face Wash,2,3474.91,25.0,5212.36,581.2,0.1115
ORD01013,2026-05-09,CUST0126,West,Maharashtra,Mumbai,Fashion,Running Shoes,3,2015.33,25.0,4534.49,803.84,0.1773
ORD01217,2026-05-09,CUST0150,South,Karnataka,Bengaluru,Electronics,Bluetooth Speaker,3,35868.68,30.0,75324.23,19244.63,0.2555
ORD00426,2026-05-10,CUST0057,East,Bihar,Patna,Fashion,Running Shoes,3,6862.5,20.0,16470.0,4078.42,0.2476
ORD00441,2026-05-10,CUST0059,South,Tamil Nadu,Chennai,Electronics,Wireless Headphones,2,30106.99,10.0,54192.58,9992.9,0.1844
ORD00673,2026-05-10,CUST0086,North,Delhi,Delhi,Beauty,Face Wash,1,1860.04,10.0,1674.04,253.22,0.1513
ORD00083,2026-05-11,CUST0013,West,Gujarat,Ahmedabad,Electronics,Smartphone,1,23153.03,20.0,18522.42,3220.41,0.1739
ORD00545,2026-05-11,CUST0070,East,West Bengal,Kolkata,Beauty,Hair Dryer,1,3069.94,20.0,2455.95,572.14,0.233
ORD01218,2026-05-11,CUST0150,West,Maharashtra,Mumbai,Electronics,Wireless Headphones,2,42974.09,10.0,77353.36,10975.42,0.1419
ORD00105,2026-05-12,CUST0016,East,West Bengal,Kolkata,Beauty,Face Wash,1,2080.68,10.0,1872.61,469.19,0.2506
ORD00522,2026-05-12,CUST0068,North,Rajasthan,Jaipur,Books,Data Analytics Book,3,1095.5,25.0,2464.88,408.48,0.1657
ORD00816,2026-05-12,CUST0102,East,West Bengal,Kolkata,Books,Programming Book,2,1607.52,25.0,2411.28,512.6,0.2126
ORD01001,2026-05-12,CUST0125,North,Uttar Pradesh,Lucknow,Fashion,Smart Watch,2,8675.43,35.0,11278.06,1176.73,0.1043
ORD00084,2026-05-13,CUST0013,Central,Madhya Pradesh,Bhopal,Electronics,Bluetooth Speaker,1,6725.1,35.0,4371.32,388.74,0.0889
ORD00825,2026-05-13,CUST0103,East,Odisha,Bhubaneswar,Fashion,Smart Watch,3,7444.46,35.0,14516.7,2301.94,0.1586
ORD00887,2026-05-13,CUST0111,East,Odisha,Bhubaneswar,Home & Kitchen,Coffee Maker,3,10362.18,35.0,20206.25,4626.03,0.2289
ORD01014,2026-05-13,CUST0126,North,Uttar Pradesh,Lucknow,Home & Kitchen,Coffee Maker,1,5372.17,15.0,4566.34,703.63,0.1541
ORD00701,2026-05-14,CUST0089,West,Gujarat,Ahmedabad,Fashion,Running Shoes,3,12257.97,20.0,29419.13,6472.1,0.22
ORD00795,2026-05-14,CUST0099,West,Maharashtra,Mumbai,Computers & Accessories,Wireless Mouse,2,125917.08,5.0,239242.45,62678.52,0.262
ORD01046,2026-05-14,CUST0129,West,Gujarat,Ahmedabad,Beauty,Face Wash,1,828.98,35.0,538.84,107.93,0.2003
ORD00330,2026-05-15,CUST0046,West,Gujarat,Ahmedabad,Home & Kitchen,Coffee Maker,2,8028.98,5.0,15255.06,2283.0,0.1497
ORD00395,2026-05-15,CUST0052,South,Kerala,Kochi,Home & Kitchen,Electric Kettle,3,9698.23,15.0,24730.49,2474.47,0.1001
ORD00418,2026-05-15,CUST0055,West,Gujarat,Ahmedabad,Electronics,Smartphone,3,19323.0,20.0,46375.2,7738.62,0.1669
ORD00796,2026-05-15,CUST0099,North,Uttar Pradesh,Lucknow,Fashion,Running Shoes,2,9783.41,10.0,17610.14,1535.69,0.0872
ORD00826,2026-05-15,CUST0103,North,Uttar Pradesh,Lucknow,Home & Kitchen,Mixer Grinder,2,7300.2,35.0,9490.26,814.4,0.0858
ORD01192,2026-05-15,CUST0147,Central,Madhya Pradesh,Bhopal,Fashion,Running Shoes,2,9056.01,5.0,17206.42,3974.52,0.231
ORD01156,2026-05-16,CUST0142,North,Uttar Pradesh,Lucknow,Electronics,Bluetooth Speaker,1,5401.28,15.0,4591.09,608.39,0.1325
ORD00302,2026-05-17,CUST0041,South,Telangana,Hyderabad,Computers & Accessories,Keyboard,1,13428.63,10.0,12085.77,1106.92,0.0916
ORD00975,2026-05-17,CUST0123,Central,Maharashtra,Nagpur,Books,Data Analytics Book,3,1129.75,30.0,2372.47,254.72,0.1074
ORD01085,2026-05-17,CUST0134,East,Bihar,Patna,Electronics,Smartphone,1,24120.36,25.0,18090.27,4073.79,0.2252
ORD00173,2026-05-18,CUST0026,South,Kerala,Kochi,Computers & Accessories,Laptop,1,126949.52,30.0,88864.66,20289.84,0.2283
ORD00257,2026-05-18,CUST0036,South,Kerala,Kochi,Beauty,Face Wash,2,2976.48,5.0,5655.31,493.03,0.0872
ORD00272,2026-05-18,CUST0037,North,Uttar Pradesh,Lucknow,Home & Kitchen,Coffee Maker,1,20737.04,20.0,16589.63,3404.16,0.2052
ORD00455,2026-05-18,CUST0060,East,Bihar,Patna,Home & Kitchen,Electric Kettle,3,21818.59,5.0,62182.98,5807.62,0.0934
ORD01124,2026-05-18,CUST0138,North,Rajasthan,Jaipur,Electronics,Wireless Headphones,3,15096.54,15.0,38496.18,9884.57,0.2568
ORD00556,2026-05-19,CUST0072,West,Maharashtra,Mumbai,Beauty,Hair Dryer,1,3174.96,25.0,2381.22,488.99,0.2054
ORD00857,2026-05-19,CUST0108,Central,Maharashtra,Nagpur,Home & Kitchen,Air Fryer,1,1149.75,30.0,804.82,88.98,0.1106
ORD00280,2026-05-20,CUST0038,North,Rajasthan,Jaipur,Computers & Accessories,Wireless Mouse,1,64157.72,25.0,48118.29,13294.0,0.2763
ORD00373,2026-05-20,CUST0051,South,Kerala,Kochi,Books,Programming Book,1,1866.26,25.0,1399.69,140.75,0.1006
ORD00557,2026-05-20,CUST0072,East,Bihar,Patna,Home & Kitchen,Mixer Grinder,3,13209.21,30.0,27739.34,7757.19,0.2796
ORD00070,2026-05-21,CUST0011,West,Maharashtra,Pune,Home & Kitchen,Air Fryer,1,7689.29,10.0,6920.36,1345.95,0.1945
ORD00872,2026-05-21,CUST0109,South,Telangana,Hyderabad,Computers & Accessories,Wireless Mouse,1,11673.04,30.0,8171.13,1976.73,0.2419
ORD00964,2026-05-21,CUST0122,North,Uttar Pradesh,Lucknow,Computers & Accessories,Keyboard,1,66517.51,15.0,56539.88,7199.52,0.1273
ORD01002,2026-05-21,CUST0125,West,Maharashtra,Mumbai,Fashion,Running Shoes,3,3788.34,5.0,10796.77,1869.16,0.1731
ORD00174,2026-05-22,CUST0026,West,Gujarat,Ahmedabad,Home & Kitchen,Air Fryer,3,5308.54,35.0,10351.65,1534.92,0.1483
ORD00182,2026-05-22,CUST0027,South,Karnataka,Bengaluru,Fashion,Smart Watch,3,9402.9,20.0,22566.96,4784.18,0.212
ORD00318,2026-05-22,CUST0044,East,Bihar,Patna,Electronics,Smartphone,1,4066.72,35.0,2643.37,373.14,0.1412
ORD00570,2026-05-22,CUST0074,East,West Bengal,Kolkata,Beauty,Hair Dryer,2,1627.56,10.0,2929.61,295.45,0.1008
ORD00611,2026-05-22,CUST0079,South,Telangana,Hyderabad,Home & Kitchen,Air Fryer,2,3898.56,30.0,5457.98,731.26,0.134
ORD00674,2026-05-22,CUST0086,South,Karnataka,Bengaluru,Home & Kitchen,Coffee Maker,2,12539.07,20.0,20062.51,4281.19,0.2134
ORD00797,2026-05-22,CUST0099,South,Tamil Nadu,Chennai,Fashion,Backpack,2,4890.29,20.0,7824.46,1641.73,0.2098
ORD00136,2026-05-23,CUST0020,West,Maharashtra,Pune,Fashion,Smart Watch,1,3578.29,35.0,2325.89,462.31,0.1988
ORD00733,2026-05-23,CUST0092,West,Maharashtra,Mumbai,Electronics,Smartphone,2,30130.56,25.0,45195.84,7373.1,0.1631
ORD00021,2026-05-24,CUST0004,West,Gujarat,Ahmedabad,Electronics,Smartphone,2,35800.46,10.0,64440.83,8349.46,0.1296
ORD00222,2026-05-24,CUST0030,North,Delhi,Delhi,Beauty,Face Wash,2,1757.76,25.0,2636.64,431.7,0.1637
ORD00719,2026-05-24,CUST0091,South,Telangana,Hyderabad,Books,Data Analytics Book,1,877.78,30.0,614.45,66.42,0.1081
ORD00780,2026-05-25,CUST0098,West,Maharashtra,Pune,Computers & Accessories,Laptop,1,98242.22,20.0,78593.78,17388.78,0.2212
ORD01076,2026-05-25,CUST0133,Central,Madhya Pradesh,Bhopal,Computers & Accessories,Keyboard,2,37616.11,20.0,60185.78,12648.63,0.2102
ORD00223,2026-05-26,CUST0030,West,Maharashtra,Pune,Computers & Accessories,Wireless Mouse,3,66664.41,15.0,169994.25,26701.66,0.1571
ORD00781,2026-05-26,CUST0098,West,Gujarat,Surat,Electronics,Smartphone,3,24958.39,5.0,71131.41,15306.2,0.2152
ORD00183,2026-05-27,CUST0027,South,Tamil Nadu,Chennai,Electronics,Bluetooth Speaker,1,35017.98,30.0,24512.59,5581.57,0.2277
ORD00505,2026-05-27,CUST0066,West,Maharashtra,Mumbai,Home & Kitchen,Electric Kettle,3,13248.64,35.0,25834.85,3540.52,0.137
ORD00612,2026-05-27,CUST0079,West,Maharashtra,Mumbai,Computers & Accessories,Laptop,2,42353.3,5.0,80471.27,20645.86,0.2566
ORD00873,2026-05-27,CUST0109,South,Telangana,Hyderabad,Home & Kitchen,Mixer Grinder,2,14153.42,10.0,25476.16,4754.06,0.1866
ORD00944,2026-05-27,CUST0119,West,Gujarat,Ahmedabad,Fashion,Running Shoes,2,1026.81,30.0,1437.53,313.31,0.218
ORD00976,2026-05-27,CUST0123,North,Uttar Pradesh,Lucknow,Fashion,Running Shoes,3,7094.87,5.0,20220.38,2726.64,0.1348
ORD01071,2026-05-27,CUST0132,Central,Maharashtra,Nagpur,Books,Programming Book,1,1030.63,15.0,876.04,141.05,0.161
ORD01105,2026-05-27,CUST0136,West,Gujarat,Surat,Computers & Accessories,Keyboard,1,39932.08,15.0,33942.27,2992.59,0.0882
ORD01219,2026-05-27,CUST0150,South,Telangana,Hyderabad,Computers & Accessories,Wireless Mouse,1,28756.47,20.0,23005.18,2943.79,0.128
ORD00040,2026-05-28,CUST0007,Central,Madhya Pradesh,Bhopal,Beauty,Hair Dryer,3,2310.91,15.0,5892.82,1393.8,0.2365
ORD00442,2026-05-28,CUST0059,Central,Maharashtra,Nagpur,Electronics,Bluetooth Speaker,3,39778.64,15.0,101435.53,16820.02,0.1658
ORD00472,2026-05-28,CUST0061,South,Tamil Nadu,Chennai,Electronics,Wireless Headphones,1,18542.96,35.0,12052.92,1585.24,0.1315
ORD00782,2026-05-28,CUST0098,North,Delhi,Delhi,Computers & Accessories,Keyboard,2,115767.89,15.0,196805.41,37936.44,0.1928
ORD01077,2026-05-28,CUST0133,West,Maharashtra,Mumbai,Computers & Accessories,Keyboard,2,14111.76,35.0,18345.29,2819.55,0.1537
ORD01211,2026-05-28,CUST0149,South,Tamil Nadu,Chennai,Home & Kitchen,Electric Kettle,1,11525.51,15.0,9796.68,2431.1,0.2482
ORD01064,2026-05-29,CUST0131,West,Maharashtra,Mumbai,Home & Kitchen,Coffee Maker,3,7679.91,10.0,20735.76,2364.83,0.114
ORD00229,2026-05-30,CUST0032,North,Uttar Pradesh,Lucknow,Computers & Accessories,Laptop,1,18191.32,10.0,16372.19,2479.96,0.1515
ORD00410,2026-05-30,CUST0054,West,Gujarat,Ahmedabad,Electronics,Bluetooth Speaker,3,28941.91,35.0,56436.72,11361.07,0.2013
ORD00759,2026-05-30,CUST0095,East,Odisha,Bhubaneswar,Home & Kitchen,Air Fryer,2,13611.1,20.0,21777.76,3239.73,0.1488
ORD01134,2026-05-30,CUST0140,East,Bihar,Patna,Computers & Accessories,Keyboard,2,110229.29,30.0,154321.01,21539.35,0.1396
ORD00150,2026-05-31,CUST0022,East,Bihar,Patna,Books,Programming Book,1,452.72,10.0,407.45,93.19,0.2287
ORD00473,2026-05-31,CUST0061,West,Gujarat,Surat,Computers & Accessories,Laptop,2,9586.96,20.0,15339.14,3056.92,0.1993
ORD00882,2026-05-31,CUST0110,South,Kerala,Kochi,Electronics,Smartphone,3,2109.82,5.0,6012.99,1095.89,0.1823
ORD00923,2026-05-31,CUST0115,West,Gujarat,Ahmedabad,Books,Data Analytics Book,2,1385.1,5.0,2631.69,561.19,0.2132
ORD01165,2026-05-31,CUST0144,West,Gujarat,Surat,Home & Kitchen,Mixer Grinder,2,15914.2,15.0,27054.14,3102.08,0.1147
ORD00175,2026-06-01,CUST0026,South,Tamil Nadu,Chennai,Electronics,Wireless Headphones,1,19891.24,30.0,13923.87,2848.01,0.2045
ORD00192,2026-06-01,CUST0028,East,West Bengal,Kolkata,Books,Data Analytics Book,2,1750.76,20.0,2801.22,748.45,0.2672
ORD00691,2026-06-01,CUST0088,South,Tamil Nadu,Chennai,Home & Kitchen,Air Fryer,1,2450.94,10.0,2205.85,321.52,0.1458
ORD00827,2026-06-01,CUST0103,North,Uttar Pradesh,Lucknow,Books,Programming Book,2,1135.57,20.0,1816.91,202.13,0.1112
ORD00977,2026-06-01,CUST0123,Central,Madhya Pradesh,Bhopal,Beauty,Hair Dryer,1,1989.43,10.0,1790.49,210.39,0.1175
ORD01135,2026-06-01,CUST0140,West,Maharashtra,Mumbai,Fashion,Backpack,3,5613.02,5.0,15997.11,4357.02,0.2724
ORD00009,2026-06-02,CUST0002,Central,Madhya Pradesh,Bhopal,Electronics,Wireless Headphones,1,33017.11,35.0,21461.12,2486.35,0.1159
ORD00028,2026-06-02,CUST0005,Central,Maharashtra,Nagpur,Home & Kitchen,Air Fryer,1,2241.09,15.0,1904.93,351.94,0.1848
ORD00489,2026-06-02,CUST0063,West,Gujarat,Ahmedabad,Home & Kitchen,Electric Kettle,1,8512.26,5.0,8086.65,878.22,0.1086
ORD00633,2026-06-02,CUST0082,Central,Madhya Pradesh,Bhopal,Books,Programming Book,3,1994.92,35.0,3890.09,867.43,0.223
ORD00734,2026-06-02,CUST0092,South,Karnataka,Bengaluru,Fashion,Backpack,2,912.93,30.0,1278.1,157.63,0.1233
ORD00765,2026-06-02,CUST0096,Central,Maharashtra,Nagpur,Home & Kitchen,Electric Kettle,3,15687.12,15.0,40002.16,7398.89,0.185
ORD00817,2026-06-02,CUST0102,South,Telangana,Hyderabad,Home & Kitchen,Electric Kettle,2,15328.24,20.0,24525.18,3703.6,0.151
ORD00858,2026-06-02,CUST0108,West,Gujarat,Ahmedabad,Books,Data Analytics Book,1,1615.03,25.0,1211.27,139.65,0.1153
ORD00965,2026-06-02,CUST0122,Central,Madhya Pradesh,Bhopal,Beauty,Face Wash,3,2293.52,25.0,5160.42,463.96,0.0899
ORD01078,2026-06-02,CUST0133,Central,Madhya Pradesh,Bhopal,Computers & Accessories,Wireless Mouse,1,29075.27,35.0,18898.93,4977.81,0.2634
ORD00419,2026-06-03,CUST0055,Central,Madhya Pradesh,Bhopal,Electronics,Bluetooth Speaker,3,18508.49,30.0,38867.83,10332.95,0.2658
ORD00443,2026-06-03,CUST0059,North,Delhi,Delhi,Beauty,Hair Dryer,3,4885.76,30.0,10260.1,1011.21,0.0986
ORD00578,2026-06-03,CUST0075,North,Rajasthan,Jaipur,Home & Kitchen,Mixer Grinder,1,20554.76,10.0,18499.28,5168.95,0.2794
ORD00599,2026-06-03,CUST0077,East,Bihar,Patna,Fashion,Running Shoes,3,2370.02,35.0,4621.54,460.38,0.0996
ORD00740,2026-06-03,CUST0093,West,Maharashtra,Mumbai,Fashion,Running Shoes,1,2431.41,15.0,2066.7,252.64,0.1222
ORD00760,2026-06-03,CUST0095,South,Karnataka,Bengaluru,Computers & Accessories,Wireless Mouse,1,23908.3,35.0,15540.4,1756.31,0.113
ORD00910,2026-06-03,CUST0114,North,Rajasthan,Jaipur,Beauty,Face Wash,1,1171.58,25.0,878.68,77.41,0.0881
ORD00978,2026-06-03,CUST0123,South,Karnataka,Bengaluru,Home & Kitchen,Electric Kettle,2,23237.69,30.0,32532.77,5445.02,0.1674
ORD00359,2026-06-04,CUST0050,East,West Bengal,Kolkata,Books,Data Analytics Book,1,2219.33,10.0,1997.4,370.93,0.1857
ORD00479,2026-06-04,CUST0062,North,Rajasthan,Jaipur,Electronics,Smartphone,3,25322.94,25.0,56976.61,13188.37,0.2315
ORD01022,2026-06-04,CUST0127,West,Gujarat,Ahmedabad,Computers & Accessories,Keyboard,1,65879.74,10.0,59291.77,6719.37,0.1133
ORD01086,2026-06-04,CUST0134,South,Tamil Nadu,Chennai,Computers & Accessories,Keyboard,2,2070.3,25.0,3105.45,868.72,0.2797
ORD01136,2026-06-04,CUST0140,South,Kerala,Kochi,Home & Kitchen,Coffee Maker,2,17168.68,25.0,25753.02,4896.38,0.1901
ORD00151,2026-06-05,CUST0022,South,Karnataka,Bengaluru,Electronics,Wireless Headphones,3,38372.98,15.0,97851.1,21905.19,0.2239
ORD00360,2026-06-05,CUST0050,South,Kerala,Kochi,Books,Data Analytics Book,3,942.09,20.0,2261.02,626.58,0.2771
ORD00456,2026-06-05,CUST0060,North,Delhi,Delhi,Home & Kitchen,Mixer Grinder,1,2983.8,10.0,2685.42,744.41,0.2772
ORD00513,2026-06-05,CUST0067,East,Bihar,Patna,Books,Programming Book,3,1711.28,25.0,3850.38,403.84,0.1049
ORD00798,2026-06-05,CUST0099,West,Gujarat,Ahmedabad,Home & Kitchen,Mixer Grinder,2,4451.01,15.0,7566.72,886.3,0.1171
ORD01079,2026-06-05,CUST0133,East,Bihar,Patna,Electronics,Bluetooth Speaker,2,34420.5,25.0,51630.75,12651.92,0.245
ORD00042,2026-06-06,CUST0008,North,Uttar Pradesh,Lucknow,Home & Kitchen,Coffee Maker,2,8183.78,20.0,13094.05,2416.2,0.1845
ORD00600,2026-06-06,CUST0077,South,Telangana,Hyderabad,Books,Data Analytics Book,2,1214.02,10.0,2185.24,500.71,0.2291
ORD00902,2026-06-06,CUST0113,East,Odisha,Bhubaneswar,Books,Data Analytics Book,3,720.9,25.0,1622.02,313.82,0.1935
ORD01118,2026-06-06,CUST0137,South,Tamil Nadu,Chennai,Fashion,Smart Watch,3,1654.71,35.0,3226.68,600.42,0.1861
ORD00043,2026-06-07,CUST0008,East,West Bengal,Kolkata,Fashion,Smart Watch,2,5584.39,20.0,8935.02,1786.28,0.1999
ORD00374,2026-06-07,CUST0051,East,Bihar,Patna,Home & Kitchen,Electric Kettle,3,13899.04,10.0,37527.41,3321.56,0.0885
ORD00375,2026-06-07,CUST0051,East,Bihar,Patna,Computers & Accessories,Laptop,1,48378.73,15.0,41121.92,4742.73,0.1153
ORD00634,2026-06-07,CUST0082,North,Uttar Pradesh,Lucknow,Electronics,Smartphone,2,28275.04,10.0,50895.07,5990.96,0.1177
ORD00828,2026-06-07,CUST0103,South,Telangana,Hyderabad,Beauty,Face Wash,2,1339.89,15.0,2277.81,514.45,0.2259
ORD00859,2026-06-07,CUST0108,South,Telangana,Hyderabad,Beauty,Hair Dryer,2,1127.06,30.0,1577.88,136.57,0.0866
ORD01047,2026-06-07,CUST0129,East,Bihar,Patna,Books,Programming Book,2,410.34,20.0,656.54,134.28,0.2045
ORD00152,2026-06-08,CUST0022,Central,Madhya Pradesh,Bhopal,Beauty,Face Wash,2,1747.87,15.0,2971.38,599.47,0.2017
ORD00833,2026-06-08,CUST0104,South,Karnataka,Bengaluru,Computers & Accessories,Keyboard,3,44436.29,5.0,126643.43,28165.52,0.2224
ORD01048,2026-06-08,CUST0129,South,Tamil Nadu,Chennai,Computers & Accessories,Keyboard,1,45653.53,20.0,36522.82,6957.95,0.1905
ORD01049,2026-06-08,CUST0129,South,Telangana,Hyderabad,Electronics,Wireless Headphones,1,20176.21,10.0,18158.59,4781.87,0.2633
ORD01054,2026-06-08,CUST0130,North,Delhi,Delhi,Fashion,Running Shoes,3,1434.6,20.0,3443.04,425.1,0.1235
ORD00010,2026-06-09,CUST0002,North,Uttar Pradesh,Lucknow,Home & Kitchen,Mixer Grinder,2,17809.94,5.0,33838.89,4807.31,0.1421
ORD00176,2026-06-09,CUST0026,North,Delhi,Delhi,Fashion,Smart Watch,3,10945.64,10.0,29553.23,7824.41,0.2648
ORD00579,2026-06-09,CUST0075,South,Karnataka,Bengaluru,Home & Kitchen,Mixer Grinder,1,14653.53,35.0,9524.79,871.71,0.0915
ORD00735,2026-06-09,CUST0092,West,Maharashtra,Pune,Books,Programming Book,2,960.01,10.0,1728.02,148.68,0.086
ORD00741,2026-06-09,CUST0093,West,Gujarat,Ahmedabad,Electronics,Bluetooth Speaker,1,13777.8,25.0,10333.35,1570.53,0.152
ORD00818,2026-06-09,CUST0102,East,Odisha,Bhubaneswar,Fashion,Backpack,3,4812.39,5.0,13715.31,2174.49,0.1585
ORD00888,2026-06-09,CUST0111,South,Telangana,Hyderabad,Electronics,Bluetooth Speaker,3,14960.98,25.0,33662.21,3680.11,0.1093
ORD01106,2026-06-09,CUST0136,East,West Bengal,Kolkata,Home & Kitchen,Electric Kettle,3,6156.01,25.0,13851.02,1514.02,0.1093
ORD01107,2026-06-09,CUST0136,West,Gujarat,Surat,Electronics,Bluetooth Speaker,2,36894.72,20.0,59031.55,6651.87,0.1127
ORD00066,2026-06-10,CUST0010,Central,Maharashtra,Nagpur,Home & Kitchen,Air Fryer,2,15067.8,10.0,27122.04,7271.93,0.2681
ORD00208,2026-06-10,CUST0029,East,Bihar,Patna,Beauty,Face Wash,2,1905.76,10.0,3430.37,824.24,0.2403
ORD00294,2026-06-11,CUST0040,North,Uttar Pradesh,Lucknow,Computers & Accessories,Wireless Mouse,1,10209.48,20.0,8167.58,1148.3,0.1406
ORD00474,2026-06-11,CUST0061,West,Maharashtra,Mumbai,Books,Programming Book,2,1218.92,35.0,1584.6,382.13,0.2412
ORD00894,2026-06-11,CUST0112,West,Gujarat,Ahmedabad,Fashion,Backpack,1,8028.95,15.0,6824.61,1608.29,0.2357
ORD01108,2026-06-11,CUST0136,West,Gujarat,Ahmedabad,Fashion,Smart Watch,1,10571.51,35.0,6871.48,1614.39,0.2349
ORD01166,2026-06-11,CUST0144,East,West Bengal,Kolkata,Home & Kitchen,Coffee Maker,3,8183.53,5.0,23323.06,2191.61,0.094
ORD00055,2026-06-12,CUST0009,South,Kerala,Kochi,Beauty,Face Wash,1,570.02,10.0,513.02,55.72,0.1086
ORD00085,2026-06-12,CUST0013,South,Kerala,Kochi,Computers & Accessories,Laptop,1,21812.31,20.0,17449.85,3442.66,0.1973
ORD00233,2026-06-12,CUST0033,West,Maharashtra,Mumbai,Home & Kitchen,Mixer Grinder,2,6723.9,35.0,8741.07,1707.76,0.1954
ORD00444,2026-06-12,CUST0059,South,Karnataka,Bengaluru,Home & Kitchen,Air Fryer,2,4330.08,25.0,6495.12,1179.09,0.1815
ORD00480,2026-06-12,CUST0062,North,Delhi,Delhi,Books,Data Analytics Book,3,1393.92,25.0,3136.32,453.18,0.1445
ORD00629,2026-06-12,CUST0081,North,Delhi,Delhi,Home & Kitchen,Mixer Grinder,2,5345.47,10.0,9621.85,2686.45,0.2792
ORD01109,2026-06-12,CUST0136,West,Maharashtra,Pune,Fashion,Running Shoes,1,2984.3,25.0,2238.23,388.8,0.1737
ORD00630,2026-06-13,CUST0081,North,Rajasthan,Jaipur,Electronics,Smartphone,2,25692.26,25.0,38538.39,8748.83,0.227
ORD00184,2026-06-14,CUST0027,West,Gujarat,Ahmedabad,Home & Kitchen,Mixer Grinder,2,11063.07,10.0,19913.53,3620.02,0.1818
ORD00874,2026-06-14,CUST0109,South,Telangana,Hyderabad,Computers & Accessories,Keyboard,3,67336.47,10.0,181808.47,50808.59,0.2795
ORD00992,2026-06-14,CUST0124,South,Tamil Nadu,Chennai,Computers & Accessories,Wireless Mouse,1,40398.61,35.0,26259.1,3526.28,0.1343
ORD01119,2026-06-14,CUST0137,North,Uttar Pradesh,Lucknow,Computers & Accessories,Laptop,2,46006.56,10.0,82811.81,7677.21,0.0927
ORD00137,2026-06-15,CUST0020,West,Maharashtra,Mumbai,Electronics,Bluetooth Speaker,3,7357.97,25.0,16555.43,1897.07,0.1146
ORD00742,2026-06-15,CUST0093,East,Bihar,Patna,Fashion,Backpack,1,2884.56,15.0,2451.88,583.88,0.2381
ORD00850,2026-06-15,CUST0107,Central,Madhya Pradesh,Bhopal,Fashion,Running Shoes,1,1357.21,10.0,1221.49,218.22,0.1787
ORD01015,2026-06-15,CUST0126,North,Delhi,Delhi,Electronics,Wireless Headphones,1,3088.74,25.0,2316.55,475.66,0.2053
ORD00144,2026-06-16,CUST0021,West,Maharashtra,Pune,Fashion,Smart Watch,1,6716.03,15.0,5708.63,1044.2,0.1829
ORD00153,2026-06-16,CUST0022,South,Telangana,Hyderabad,Home & Kitchen,Coffee Maker,1,8831.3,25.0,6623.47,1768.97,0.2671
ORD00558,2026-06-16,CUST0072,North,Delhi,Delhi,Home & Kitchen,Electric Kettle,2,2055.68,25.0,3083.52,320.08,0.1038
ORD00613,2026-06-16,CUST0079,West,Maharashtra,Mumbai,Computers & Accessories,Keyboard,2,42741.89,35.0,55564.46,6467.07,0.1164
ORD00895,2026-06-16,CUST0112,North,Uttar Pradesh,Lucknow,Fashion,Running Shoes,3,7931.31,20.0,19035.14,2562.64,0.1346
ORD00209,2026-06-17,CUST0029,East,West Bengal,Kolkata,Electronics,Bluetooth Speaker,2,45098.52,10.0,81177.34,20766.28,0.2558
ORD00411,2026-06-17,CUST0054,North,Uttar Pradesh,Lucknow,Fashion,Smart Watch,3,6646.17,35.0,12960.03,1922.07,0.1483
ORD00427,2026-06-17,CUST0057,Central,Maharashtra,Nagpur,Electronics,Bluetooth Speaker,1,18451.31,20.0,14761.05,3596.46,0.2436
ORD00535,2026-06-17,CUST0069,South,Karnataka,Bengaluru,Books,Data Analytics Book,3,839.74,30.0,1763.45,152.41,0.0864
ORD00546,2026-06-17,CUST0070,North,Uttar Pradesh,Lucknow,Books,Data Analytics Book,2,1496.34,10.0,2693.41,316.02,0.1173
ORD00604,2026-06-17,CUST0078,West,Maharashtra,Mumbai,Computers & Accessories,Keyboard,3,45143.83,5.0,128659.92,18376.62,0.1428
ORD00675,2026-06-17,CUST0086,South,Kerala,Kochi,Books,Data Analytics Book,1,1081.73,10.0,973.56,194.02,0.1993
ORD00771,2026-06-17,CUST0097,Central,Madhya Pradesh,Bhopal,Beauty,Face Wash,2,876.44,35.0,1139.37,105.19,0.0923
ORD00810,2026-06-17,CUST0101,East,Bihar,Patna,Computers & Accessories,Keyboard,1,14988.71,5.0,14239.27,1410.35,0.099
ORD00924,2026-06-17,CUST0115,North,Rajasthan,Jaipur,Home & Kitchen,Air Fryer,3,4463.0,5.0,12719.55,1141.37,0.0897
ORD00979,2026-06-17,CUST0123,North,Uttar Pradesh,Lucknow,Computers & Accessories,Laptop,1,6956.86,20.0,5565.49,1352.16,0.243
ORD00433,2026-06-18,CUST0058,East,Odisha,Bhubaneswar,Home & Kitchen,Air Fryer,1,13083.56,20.0,10466.85,2768.18,0.2645
ORD00749,2026-06-18,CUST0094,North,Delhi,Delhi,Fashion,Running Shoes,1,5754.74,30.0,4028.32,913.78,0.2268
ORD00889,2026-06-18,CUST0111,East,West Bengal,Kolkata,Home & Kitchen,Air Fryer,3,4898.61,5.0,13961.04,2546.61,0.1824
ORD01110,2026-06-18,CUST0136,East,West Bengal,Kolkata,Computers & Accessories,Keyboard,1,115761.24,20.0,92608.99,13954.45,0.1507
ORD00056,2026-06-19,CUST0009,East,Bihar,Patna,Books,Programming Book,1,808.61,35.0,525.6,111.04,0.2113
ORD00071,2026-06-19,CUST0011,West,Gujarat,Ahmedabad,Home & Kitchen,Coffee Maker,2,11015.55,25.0,16523.32,3477.94,0.2105
ORD00495,2026-06-19,CUST0064,North,Delhi,Delhi,Books,Programming Book,3,901.17,30.0,1892.46,171.58,0.0907
ORD00980,2026-06-19,CUST0123,Central,Maharashtra,Nagpur,Fashion,Smart Watch,3,6030.7,25.0,13569.07,2269.42,0.1672
ORD00121,2026-06-20,CUST0018,West,Gujarat,Ahmedabad,Books,Data Analytics Book,1,1476.61,30.0,1033.63,227.02,0.2196
ORD00138,2026-06-20,CUST0020,East,Odisha,Bhubaneswar,Home & Kitchen,Electric Kettle,1,19996.85,5.0,18997.01,1582.75,0.0833
ORD00193,2026-06-20,CUST0028,East,Bihar,Patna,Books,Data Analytics Book,3,1097.19,20.0,2633.26,468.63,0.178
ORD00361,2026-06-20,CUST0050,South,Karnataka,Bengaluru,Beauty,Hair Dryer,2,4186.7,30.0,5861.38,784.41,0.1338
ORD00750,2026-06-20,CUST0094,South,Karnataka,Bengaluru,Fashion,Smart Watch,3,6451.69,35.0,12580.8,2904.56,0.2309
ORD00194,2026-06-21,CUST0028,South,Karnataka,Bengaluru,Fashion,Backpack,3,4889.78,10.0,13202.41,3466.09,0.2625
ORD00339,2026-06-21,CUST0047,North,Rajasthan,Jaipur,Electronics,Smartphone,3,3459.6,5.0,9859.86,2420.11,0.2455
ORD00614,2026-06-21,CUST0079,West,Gujarat,Surat,Electronics,Bluetooth Speaker,3,18624.09,15.0,47491.43,12955.79,0.2728
ORD00676,2026-06-21,CUST0086,South,Telangana,Hyderabad,Electronics,Bluetooth Speaker,1,17555.76,25.0,13166.82,2758.21,0.2095
ORD00851,2026-06-21,CUST0107,North,Rajasthan,Jaipur,Computers & Accessories,Wireless Mouse,1,51119.48,35.0,33227.66,8213.11,0.2472
ORD00945,2026-06-21,CUST0119,West,Gujarat,Ahmedabad,Electronics,Bluetooth Speaker,1,9865.31,20.0,7892.25,632.84,0.0802
ORD01003,2026-06-21,CUST0125,North,Delhi,Delhi,Home & Kitchen,Mixer Grinder,3,27488.37,15.0,70095.34,17031.8,0.243
ORD01179,2026-06-21,CUST0145,East,Bihar,Patna,Books,Programming Book,2,1664.08,25.0,2496.12,233.46,0.0935
ORD01183,2026-06-21,CUST0146,West,Gujarat,Ahmedabad,Beauty,Face Wash,3,1719.14,15.0,4383.81,664.94,0.1517
ORD00210,2026-06-22,CUST0029,North,Uttar Pradesh,Lucknow,Beauty,Face Wash,1,1134.73,15.0,964.52,90.19,0.0935
ORD00258,2026-06-22,CUST0036,West,Gujarat,Surat,Computers & Accessories,Laptop,2,150267.72,20.0,240428.35,21176.89,0.0881
ORD00376,2026-06-22,CUST0051,North,Uttar Pradesh,Lucknow,Books,Data Analytics Book,2,2087.43,10.0,3757.37,999.14,0.2659
ORD00903,2026-06-22,CUST0113,East,Odisha,Bhubaneswar,Books,Data Analytics Book,1,537.45,15.0,456.83,64.12,0.1404
ORD00514,2026-06-23,CUST0067,East,Bihar,Patna,Computers & Accessories,Keyboard,2,81349.56,5.0,154564.16,24942.2,0.1614
ORD00819,2026-06-23,CUST0102,South,Kerala,Kochi,Computers & Accessories,Keyboard,2,67464.72,15.0,114690.02,28020.04,0.2443
ORD00412,2026-06-24,CUST0054,South,Tamil Nadu,Chennai,Electronics,Bluetooth Speaker,3,19270.3,20.0,46248.72,5345.54,0.1156
ORD00457,2026-06-24,CUST0060,West,Gujarat,Ahmedabad,Computers & Accessories,Laptop,1,22845.55,25.0,17134.16,3077.29,0.1796
ORD00591,2026-06-24,CUST0076,North,Uttar Pradesh,Lucknow,Computers & Accessories,Keyboard,1,83887.52,10.0,75498.77,20683.55,0.274
ORD00640,2026-06-24,CUST0083,West,Maharashtra,Mumbai,Home & Kitchen,Coffee Maker,1,11512.37,25.0,8634.28,1360.85,0.1576
ORD01033,2026-06-24,CUST0128,South,Tamil Nadu,Chennai,Home & Kitchen,Coffee Maker,3,8069.39,5.0,22997.76,4367.89,0.1899
ORD00044,2026-06-25,CUST0008,North,Uttar Pradesh,Lucknow,Beauty,Face Wash,3,523.06,5.0,1490.72,145.41,0.0975
ORD00122,2026-06-25,CUST0018,North,Delhi,Delhi,Home & Kitchen,Air Fryer,1,10586.83,20.0,8469.46,1383.25,0.1633
ORD00195,2026-06-25,CUST0028,Central,Maharashtra,Nagpur,Beauty,Face Wash,3,4390.09,35.0,8560.68,1960.38,0.229
ORD00247,2026-06-25,CUST0035,West,Gujarat,Ahmedabad,Electronics,Wireless Headphones,1,5855.2,20.0,4684.16,839.95,0.1793
ORD00904,2026-06-25,CUST0113,South,Karnataka,Bengaluru,Electronics,Wireless Headphones,1,10681.47,35.0,6942.96,1821.82,0.2624
ORD01023,2026-06-25,CUST0127,East,Odisha,Bhubaneswar,Beauty,Face Wash,1,1987.03,25.0,1490.27,313.19,0.2102
ORD00022,2026-06-26,CUST0004,South,Karnataka,Bengaluru,Computers & Accessories,Wireless Mouse,1,74394.26,30.0,52075.98,5262.57,0.1011
ORD00072,2026-06-26,CUST0011,South,Telangana,Hyderabad,Computers & Accessories,Keyboard,2,57262.48,20.0,91619.97,15234.9,0.1663
ORD00112,2026-06-26,CUST0017,South,Karnataka,Bengaluru,Books,Data Analytics Book,2,820.39,35.0,1066.51,245.72,0.2304
ORD00123,2026-06-26,CUST0018,West,Gujarat,Surat,Electronics,Bluetooth Speaker,1,9636.11,15.0,8190.69,657.28,0.0802
ORD00234,2026-06-26,CUST0033,Central,Madhya Pradesh,Bhopal,Books,Programming Book,3,536.75,35.0,1046.66,188.11,0.1797
ORD00259,2026-06-26,CUST0036,Central,Maharashtra,Nagpur,Computers & Accessories,Laptop,3,46507.41,20.0,111617.78,9936.54,0.089
ORD00434,2026-06-26,CUST0058,Central,Madhya Pradesh,Bhopal,Electronics,Smartphone,2,4619.22,35.0,6004.99,1618.34,0.2695
ORD00834,2026-06-26,CUST0104,North,Delhi,Delhi,Fashion,Smart Watch,2,4766.43,20.0,7626.29,1100.66,0.1443
ORD00911,2026-06-26,CUST0114,Central,Madhya Pradesh,Bhopal,Home & Kitchen,Electric Kettle,2,11890.26,20.0,19024.42,2426.89,0.1276
ORD00925,2026-06-26,CUST0115,West,Gujarat,Ahmedabad,Computers & Accessories,Laptop,1,113143.48,25.0,84857.61,12822.31,0.1511
ORD00993,2026-06-26,CUST0124,Central,Madhya Pradesh,Bhopal,Books,Programming Book,3,1190.76,5.0,3393.67,470.62,0.1387
ORD00158,2026-06-27,CUST0023,North,Delhi,Delhi,Electronics,Smartphone,3,14242.55,25.0,32045.74,3273.1,0.1021
ORD00319,2026-06-27,CUST0044,East,Bihar,Patna,Electronics,Smartphone,2,31608.28,25.0,47412.42,11197.28,0.2362
ORD00413,2026-06-27,CUST0054,South,Karnataka,Bengaluru,Fashion,Backpack,1,627.68,35.0,407.99,54.23,0.1329
ORD01004,2026-06-27,CUST0125,West,Gujarat,Ahmedabad,Fashion,Smart Watch,2,9992.04,35.0,12989.65,2098.93,0.1616
ORD01161,2026-06-27,CUST0143,West,Maharashtra,Mumbai,Books,Programming Book,3,376.38,30.0,790.4,129.39,0.1637
ORD00177,2026-06-28,CUST0026,South,Tamil Nadu,Chennai,Home & Kitchen,Air Fryer,3,17866.03,5.0,50918.19,14189.56,0.2787
ORD00506,2026-06-28,CUST0066,South,Tamil Nadu,Chennai,Fashion,Running Shoes,1,793.1,10.0,713.79,123.3,0.1727
ORD00926,2026-06-28,CUST0115,South,Karnataka,Bengaluru,Home & Kitchen,Electric Kettle,1,23748.42,10.0,21373.58,4812.08,0.2251
ORD00958,2026-06-28,CUST0121,Central,Madhya Pradesh,Bhopal,Books,Programming Book,3,2078.7,20.0,4988.88,740.66,0.1485
ORD01016,2026-06-28,CUST0126,South,Telangana,Hyderabad,Books,Programming Book,1,807.95,25.0,605.96,119.03,0.1964
ORD01150,2026-06-28,CUST0141,South,Karnataka,Bengaluru,Beauty,Face Wash,2,1764.64,20.0,2823.42,258.37,0.0915
ORD00067,2026-06-29,CUST0010,South,Kerala,Kochi,Electronics,Bluetooth Speaker,1,21873.34,25.0,16405.01,2868.15,0.1748
ORD00536,2026-06-29,CUST0069,Central,Maharashtra,Nagpur,Home & Kitchen,Mixer Grinder,3,26147.34,25.0,58831.51,10974.91,0.1865
ORD00651,2026-06-29,CUST0084,North,Uttar Pradesh,Lucknow,Electronics,Smartphone,1,25463.98,15.0,21644.38,5202.91,0.2404
ORD00981,2026-06-29,CUST0123,West,Gujarat,Surat,Home & Kitchen,Coffee Maker,1,14798.33,25.0,11098.75,2014.89,0.1815
ORD01087,2026-06-29,CUST0134,South,Telangana,Hyderabad,Computers & Accessories,Keyboard,3,19357.1,10.0,52264.17,8627.93,0.1651
ORD01180,2026-06-29,CUST0145,North,Delhi,Delhi,Computers & Accessories,Laptop,2,82298.57,35.0,106988.14,29259.4,0.2735
ORD00011,2026-06-30,CUST0002,West,Maharashtra,Mumbai,Beauty,Hair Dryer,3,3830.28,20.0,9192.67,999.97,0.1088
ORD00124,2026-06-30,CUST0018,East,Bihar,Patna,Electronics,Smartphone,2,31507.73,5.0,59864.69,9953.43,0.1663
ORD00320,2026-06-30,CUST0044,North,Uttar Pradesh,Lucknow,Electronics,Bluetooth Speaker,3,30381.82,35.0,59244.55,15127.24,0.2553
ORD00537,2026-06-30,CUST0069,North,Delhi,Delhi,Home & Kitchen,Mixer Grinder,2,24492.57,25.0,36738.85,6380.84,0.1737
ORD00783,2026-06-30,CUST0098,North,Delhi,Delhi,Computers & Accessories,Wireless Mouse,3,75975.08,20.0,182340.19,28103.3,0.1541
ORD01167,2026-06-30,CUST0144,South,Kerala,Kochi,Computers & Accessories,Laptop,1,66298.36,35.0,43093.93,8150.28,0.1891
ORD01184,2026-06-30,CUST0146,East,Bihar,Patna,Fashion,Backpack,3,3324.23,30.0,6980.88,1677.25,0.2403
ORD00396,2026-07-01,CUST0052,North,Rajasthan,Jaipur,Books,Programming Book,1,2441.07,5.0,2319.02,464.44,0.2003
ORD00458,2026-07-01,CUST0060,East,Bihar,Patna,Home & Kitchen,Coffee Maker,1,9639.26,30.0,6747.48,726.81,0.1077
ORD01065,2026-07-01,CUST0131,West,Maharashtra,Pune,Home & Kitchen,Air Fryer,2,5519.67,5.0,10487.37,948.24,0.0904
ORD01072,2026-07-01,CUST0132,East,Odisha,Bhubaneswar,Fashion,Smart Watch,3,3599.55,10.0,9718.78,986.82,0.1015
ORD01168,2026-07-01,CUST0144,North,Rajasthan,Jaipur,Electronics,Smartphone,2,19764.46,30.0,27670.24,6361.26,0.2299
ORD00097,2026-07-02,CUST0015,South,Kerala,Kochi,Electronics,Smartphone,3,9208.23,30.0,19337.28,4447.51,0.23
ORD00125,2026-07-02,CUST0018,West,Gujarat,Ahmedabad,Home & Kitchen,Coffee Maker,3,26678.31,20.0,64027.94,9251.91,0.1445
ORD00126,2026-07-02,CUST0018,West,Maharashtra,Pune,Fashion,Backpack,1,7992.08,35.0,5194.85,652.74,0.1257
ORD00751,2026-07-02,CUST0094,Central,Maharashtra,Nagpur,Beauty,Face Wash,3,2752.61,15.0,7019.16,1687.13,0.2404
ORD00159,2026-07-03,CUST0023,South,Karnataka,Bengaluru,Computers & Accessories,Laptop,1,15508.64,15.0,13182.34,3366.01,0.2553
ORD00242,2026-07-03,CUST0034,South,Tamil Nadu,Chennai,Computers & Accessories,Wireless Mouse,3,83658.2,35.0,163133.49,32541.69,0.1995
ORD00321,2026-07-03,CUST0044,South,Karnataka,Bengaluru,Computers & Accessories,Laptop,2,74234.52,5.0,141045.59,32422.23,0.2299
ORD00490,2026-07-03,CUST0063,West,Gujarat,Surat,Computers & Accessories,Laptop,3,38057.68,35.0,74212.48,13434.74,0.181
ORD00896,2026-07-03,CUST0112,North,Delhi,Delhi,Books,Programming Book,2,1359.05,20.0,2174.48,337.31,0.1551
ORD00897,2026-07-03,CUST0112,Central,Madhya Pradesh,Bhopal,Home & Kitchen,Mixer Grinder,3,4280.29,20.0,10272.7,929.23,0.0905
ORD00966,2026-07-03,CUST0122,West,Gujarat,Ahmedabad,Electronics,Bluetooth Speaker,2,19625.71,10.0,35326.28,4420.29,0.1251
ORD01088,2026-07-03,CUST0134,Central,Maharashtra,Nagpur,Computers & Accessories,Wireless Mouse,1,35772.7,25.0,26829.52,3997.75,0.149
ORD00397,2026-07-04,CUST0052,West,Maharashtra,Mumbai,Fashion,Smart Watch,3,4167.84,30.0,8752.46,1807.13,0.2065
ORD00720,2026-07-04,CUST0091,West,Maharashtra,Mumbai,Computers & Accessories,Keyboard,1,46309.04,15.0,39362.68,6195.82,0.1574
ORD00890,2026-07-04,CUST0111,North,Rajasthan,Jaipur,Electronics,Bluetooth Speaker,1,18215.74,10.0,16394.17,3684.08,0.2247
ORD01080,2026-07-04,CUST0133,Central,Madhya Pradesh,Bhopal,Books,Data Analytics Book,3,863.74,35.0,1684.29,329.22,0.1955
ORD01089,2026-07-04,CUST0134,North,Uttar Pradesh,Lucknow,Home & Kitchen,Mixer Grinder,1,1892.67,35.0,1230.24,198.53,0.1614
ORD00057,2026-07-05,CUST0009,Central,Madhya Pradesh,Bhopal,Electronics,Wireless Headphones,1,2873.7,5.0,2730.01,549.24,0.2012
ORD00459,2026-07-05,CUST0060,East,West Bengal,Kolkata,Home & Kitchen,Air Fryer,1,16666.69,35.0,10833.35,1667.41,0.1539
ORD00538,2026-07-05,CUST0069,South,Tamil Nadu,Chennai,Beauty,Face Wash,2,1715.33,10.0,3087.59,643.95,0.2086
ORD00721,2026-07-05,CUST0091,North,Uttar Pradesh,Lucknow,Books,Programming Book,3,783.83,30.0,1646.04,155.95,0.0947
ORD00820,2026-07-05,CUST0102,Central,Madhya Pradesh,Bhopal,Home & Kitchen,Air Fryer,3,12900.77,5.0,36767.19,9740.73,0.2649
ORD00898,2026-07-05,CUST0112,West,Gujarat,Ahmedabad,Fashion,Smart Watch,3,2062.79,25.0,4641.28,1090.92,0.235
ORD00196,2026-07-06,CUST0028,Central,Maharashtra,Nagpur,Fashion,Smart Watch,1,10221.88,20.0,8177.5,1400.73,0.1713
ORD00344,2026-07-06,CUST0048,Central,Madhya Pradesh,Bhopal,Books,Programming Book,3,806.67,10.0,2178.01,474.33,0.2178
ORD00571,2026-07-06,CUST0074,West,Gujarat,Ahmedabad,Home & Kitchen,Air Fryer,2,2479.62,30.0,3471.47,664.39,0.1914
ORD00615,2026-07-06,CUST0079,North,Delhi,Delhi,Electronics,Smartphone,3,28816.57,5.0,82127.22,21464.89,0.2614
ORD00029,2026-07-07,CUST0005,Central,Madhya Pradesh,Bhopal,Electronics,Smartphone,1,37909.0,5.0,36013.55,9542.45,0.265
ORD00041,2026-07-07,CUST0007,South,Telangana,Hyderabad,Beauty,Hair Dryer,3,2685.83,5.0,7654.62,1515.73,0.198
ORD00428,2026-07-07,CUST0057,North,Uttar Pradesh,Lucknow,Computers & Accessories,Keyboard,2,21925.85,10.0,39466.53,4066.52,0.103
ORD00702,2026-07-07,CUST0089,West,Maharashtra,Mumbai,Fashion,Smart Watch,1,10045.48,30.0,7031.84,855.98,0.1217
ORD01005,2026-07-07,CUST0125,Central,Maharashtra,Nagpur,Home & Kitchen,Mixer Grinder,3,5907.53,10.0,15950.33,4082.57,0.256
ORD01034,2026-07-07,CUST0128,South,Tamil Nadu,Chennai,Beauty,Hair Dryer,2,688.49,20.0,1101.58,123.64,0.1122
ORD01193,2026-07-07,CUST0147,East,Bihar,Patna,Home & Kitchen,Electric Kettle,2,2608.81,25.0,3913.22,873.85,0.2233
ORD00281,2026-07-08,CUST0038,North,Delhi,Delhi,Electronics,Wireless Headphones,2,37200.9,10.0,66961.62,6164.9,0.0921
ORD00445,2026-07-08,CUST0059,East,Odisha,Bhubaneswar,Electronics,Smartphone,3,43329.59,25.0,97491.58,19740.86,0.2025
ORD00460,2026-07-09,CUST0060,South,Tamil Nadu,Chennai,Home & Kitchen,Coffee Maker,1,2733.76,10.0,2460.38,230.85,0.0938
ORD00657,2026-07-09,CUST0085,East,Bihar,Patna,Home & Kitchen,Air Fryer,2,9613.58,35.0,12497.65,2661.1,0.2129
ORD00703,2026-07-09,CUST0089,South,Telangana,Hyderabad,Home & Kitchen,Electric Kettle,3,17616.62,5.0,50207.37,12611.71,0.2512
ORD00982,2026-07-09,CUST0123,West,Gujarat,Surat,Beauty,Face Wash,1,2534.39,5.0,2407.67,306.44,0.1273
ORD01066,2026-07-09,CUST0131,West,Gujarat,Ahmedabad,Beauty,Face Wash,3,773.04,5.0,2203.16,375.06,0.1702
ORD01096,2026-07-09,CUST0135,East,West Bengal,Kolkata,Fashion,Smart Watch,1,7089.99,15.0,6026.49,1274.91,0.2116
ORD01137,2026-07-09,CUST0140,South,Telangana,Hyderabad,Computers & Accessories,Wireless Mouse,3,127384.73,25.0,286615.64,61388.56,0.2142
ORD00139,2026-07-10,CUST0020,South,Tamil Nadu,Chennai,Beauty,Hair Dryer,2,2430.66,5.0,4618.25,1198.25,0.2595
ORD01138,2026-07-10,CUST0140,North,Uttar Pradesh,Lucknow,Home & Kitchen,Air Fryer,3,8978.86,5.0,25589.75,3839.64,0.15
ORD00086,2026-07-11,CUST0013,East,West Bengal,Kolkata,Home & Kitchen,Electric Kettle,1,2014.38,10.0,1812.94,450.91,0.2487
ORD00404,2026-07-11,CUST0053,East,West Bengal,Kolkata,Books,Data Analytics Book,1,659.73,10.0,593.76,149.09,0.2511
ORD00515,2026-07-11,CUST0067,Central,Madhya Pradesh,Bhopal,Beauty,Hair Dryer,2,3499.43,15.0,5949.03,1270.0,0.2135
ORD00523,2026-07-11,CUST0068,South,Tamil Nadu,Chennai,Computers & Accessories,Wireless Mouse,2,16379.86,10.0,29483.75,3528.51,0.1197
ORD00994,2026-07-11,CUST0124,West,Gujarat,Surat,Computers & Accessories,Wireless Mouse,3,35454.37,25.0,79772.33,13296.77,0.1667
ORD01081,2026-07-11,CUST0133,East,Odisha,Bhubaneswar,Beauty,Face Wash,3,891.45,20.0,2139.48,580.91,0.2715
ORD00501,2026-07-12,CUST0065,South,Kerala,Kochi,Fashion,Backpack,2,7482.71,20.0,11972.34,3251.91,0.2716
ORD00547,2026-07-12,CUST0070,West,Maharashtra,Mumbai,Books,Programming Book,2,307.85,35.0,400.21,89.97,0.2248
ORD00030,2026-07-13,CUST0005,East,West Bengal,Kolkata,Electronics,Smartphone,3,38341.03,35.0,74765.01,20628.72,0.2759
ORD00106,2026-07-13,CUST0016,South,Tamil Nadu,Chennai,Computers & Accessories,Keyboard,3,61708.57,15.0,157356.85,31166.74,0.1981
ORD01111,2026-07-13,CUST0136,North,Uttar Pradesh,Lucknow,Beauty,Hair Dryer,2,2646.69,30.0,3705.37,300.94,0.0812
ORD01006,2026-07-14,CUST0125,South,Kerala,Kochi,Home & Kitchen,Electric Kettle,3,10897.51,10.0,29423.28,5207.69,0.177
ORD01035,2026-07-14,CUST0128,North,Uttar Pradesh,Lucknow,Beauty,Face Wash,1,1101.07,10.0,990.96,180.94,0.1826
ORD01120,2026-07-14,CUST0137,South,Kerala,Kochi,Fashion,Running Shoes,1,1201.94,5.0,1141.84,260.33,0.228
ORD01157,2026-07-14,CUST0142,South,Kerala,Kochi,Electronics,Smartphone,3,3300.93,10.0,8912.51,1410.76,0.1583
ORD00398,2026-07-15,CUST0052,West,Maharashtra,Pune,Beauty,Face Wash,3,4907.49,5.0,13986.35,2363.52,0.169
ORD00799,2026-07-15,CUST0099,North,Rajasthan,Jaipur,Books,Programming Book,1,2128.87,30.0,1490.21,382.01,0.2563
ORD00829,2026-07-15,CUST0103,West,Maharashtra,Pune,Electronics,Smartphone,1,17836.78,35.0,11593.91,2177.98,0.1879
ORD00927,2026-07-15,CUST0115,West,Maharashtra,Pune,Home & Kitchen,Air Fryer,1,2831.5,20.0,2265.2,181.95,0.0803
ORD01036,2026-07-15,CUST0128,Central,Madhya Pradesh,Bhopal,Beauty,Hair Dryer,2,2081.77,15.0,3539.01,639.27,0.1806
ORD01067,2026-07-15,CUST0131,East,Bihar,Patna,Computers & Accessories,Wireless Mouse,3,118613.3,35.0,231295.93,37226.77,0.1609
ORD00127,2026-07-16,CUST0018,South,Kerala,Kochi,Fashion,Smart Watch,1,14676.12,20.0,11740.9,2021.24,0.1722
ORD00635,2026-07-16,CUST0082,North,Rajasthan,Jaipur,Home & Kitchen,Coffee Maker,1,12840.88,15.0,10914.75,2340.09,0.2144
ORD01037,2026-07-16,CUST0128,West,Maharashtra,Pune,Home & Kitchen,Mixer Grinder,1,9769.48,10.0,8792.53,1592.74,0.1811
ORD00658,2026-07-17,CUST0085,North,Rajasthan,Jaipur,Home & Kitchen,Electric Kettle,1,8382.91,5.0,7963.76,940.88,0.1181
ORD01068,2026-07-17,CUST0131,South,Telangana,Hyderabad,Home & Kitchen,Air Fryer,2,10599.1,5.0,20138.29,2790.55,0.1386
ORD00659,2026-07-18,CUST0085,North,Rajasthan,Jaipur,Books,Data Analytics Book,2,1828.11,5.0,3473.41,340.51,0.098
ORD00946,2026-07-18,CUST0119,West,Maharashtra,Mumbai,Electronics,Wireless Headphones,2,3340.81,15.0,5679.38,1584.32,0.279
ORD00947,2026-07-18,CUST0119,West,Maharashtra,Pune,Fashion,Running Shoes,3,2514.32,30.0,5280.07,912.08,0.1727
ORD01139,2026-07-18,CUST0140,South,Telangana,Hyderabad,Electronics,Bluetooth Speaker,1,36673.57,35.0,23837.82,3350.43,0.1406
ORD00211,2026-07-19,CUST0029,South,Tamil Nadu,Chennai,Home & Kitchen,Electric Kettle,1,1303.35,5.0,1238.18,290.88,0.2349
ORD00677,2026-07-19,CUST0086,East,West Bengal,Kolkata,Home & Kitchen,Mixer Grinder,1,11608.65,5.0,11028.22,962.33,0.0873
ORD00058,2026-07-20,CUST0009,Central,Maharashtra,Nagpur,Books,Programming Book,1,899.37,30.0,629.56,57.57,0.0914
ORD00212,2026-07-20,CUST0029,West,Gujarat,Surat,Electronics,Smartphone,1,33635.28,30.0,23544.7,2674.68,0.1136
ORD01090,2026-07-20,CUST0134,East,Odisha,Bhubaneswar,Computers & Accessories,Keyboard,3,9544.51,25.0,21475.15,5428.17,0.2528
ORD00113,2026-07-21,CUST0017,Central,Maharashtra,Nagpur,Home & Kitchen,Electric Kettle,2,5246.34,15.0,8918.78,1132.86,0.127
ORD00446,2026-07-21,CUST0059,South,Kerala,Kochi,Home & Kitchen,Air Fryer,3,21628.86,20.0,51909.26,4530.95,0.0873
ORD00722,2026-07-21,CUST0091,North,Delhi,Delhi,Books,Programming Book,2,1787.78,15.0,3039.23,682.29,0.2245
ORD01055,2026-07-21,CUST0130,North,Rajasthan,Jaipur,Electronics,Smartphone,2,2211.86,15.0,3760.16,744.16,0.1979
ORD01169,2026-07-21,CUST0144,North,Delhi,Delhi,Computers & Accessories,Wireless Mouse,2,11270.43,35.0,14651.56,3674.87,0.2508
ORD00128,2026-07-22,CUST0018,North,Delhi,Delhi,Books,Data Analytics Book,3,843.4,25.0,1897.65,204.27,0.1076
ORD00723,2026-07-22,CUST0091,West,Gujarat,Surat,Beauty,Face Wash,3,3463.06,15.0,8830.8,1561.66,0.1768
ORD00800,2026-07-22,CUST0099,North,Uttar Pradesh,Lucknow,Computers & Accessories,Keyboard,1,14959.74,35.0,9723.83,1352.25,0.1391
ORD01194,2026-07-22,CUST0147,South,Karnataka,Bengaluru,Home & Kitchen,Electric Kettle,1,17342.85,15.0,14741.42,1774.59,0.1204
ORD00580,2026-07-23,CUST0075,West,Gujarat,Surat,Beauty,Face Wash,2,2586.41,25.0,3879.61,426.12,0.1098
ORD00692,2026-07-23,CUST0088,South,Tamil Nadu,Chennai,Home & Kitchen,Air Fryer,1,1138.3,25.0,853.72,113.38,0.1328
ORD00928,2026-07-23,CUST0115,South,Kerala,Kochi,Home & Kitchen,Electric Kettle,3,6968.48,10.0,18814.9,4401.75,0.234
ORD00967,2026-07-23,CUST0122,South,Karnataka,Bengaluru,Books,Programming Book,2,591.67,5.0,1124.17,98.12,0.0873
ORD00185,2026-07-24,CUST0027,East,West Bengal,Kolkata,Fashion,Smart Watch,3,4279.1,10.0,11553.57,1715.39,0.1485
ORD00704,2026-07-24,CUST0089,South,Tamil Nadu,Chennai,Fashion,Backpack,2,2568.15,30.0,3595.41,803.26,0.2234
ORD01185,2026-07-24,CUST0146,North,Uttar Pradesh,Lucknow,Books,Data Analytics Book,3,596.89,20.0,1432.54,178.62,0.1247
ORD00362,2026-07-25,CUST0050,North,Delhi,Delhi,Computers & Accessories,Keyboard,1,61286.27,20.0,49029.02,8879.18,0.1811
ORD00693,2026-07-25,CUST0088,South,Telangana,Hyderabad,Fashion,Smart Watch,1,940.45,35.0,611.29,156.36,0.2558
ORD01056,2026-07-25,CUST0130,West,Maharashtra,Pune,Home & Kitchen,Air Fryer,3,6968.09,35.0,13587.78,3640.23,0.2679
ORD01112,2026-07-25,CUST0136,East,Odisha,Bhubaneswar,Beauty,Face Wash,3,3357.21,35.0,6546.56,1593.94,0.2435
ORD00023,2026-07-26,CUST0004,East,Bihar,Patna,Books,Data Analytics Book,1,1370.42,15.0,1164.86,285.31,0.2449
ORD00399,2026-07-26,CUST0052,Central,Maharashtra,Nagpur,Home & Kitchen,Coffee Maker,3,4864.81,15.0,12405.27,3442.83,0.2775
ORD00461,2026-07-26,CUST0060,South,Tamil Nadu,Chennai,Fashion,Smart Watch,1,3870.99,30.0,2709.69,252.76,0.0933
ORD00952,2026-07-26,CUST0120,West,Maharashtra,Pune,Home & Kitchen,Air Fryer,1,1678.29,30.0,1174.8,249.09,0.212
ORD00968,2026-07-26,CUST0122,South,Tamil Nadu,Chennai,Home & Kitchen,Air Fryer,2,9775.69,35.0,12708.4,1298.3,0.1022
ORD01007,2026-07-26,CUST0125,West,Gujarat,Ahmedabad,Fashion,Smart Watch,2,4750.49,30.0,6650.69,1369.76,0.206
ORD01140,2026-07-26,CUST0140,South,Tamil Nadu,Chennai,Computers & Accessories,Keyboard,1,88227.11,10.0,79404.4,21112.64,0.2659
ORD00953,2026-07-27,CUST0120,West,Maharashtra,Pune,Fashion,Running Shoes,1,1621.73,15.0,1378.47,131.66,0.0955
ORD00462,2026-07-28,CUST0060,Central,Maharashtra,Nagpur,Books,Data Analytics Book,1,2028.47,5.0,1927.05,163.32,0.0848
ORD00539,2026-07-28,CUST0069,East,Odisha,Bhubaneswar,Beauty,Hair Dryer,1,1807.05,10.0,1626.35,175.48,0.1079
ORD01170,2026-07-28,CUST0144,South,Telangana,Hyderabad,Electronics,Wireless Headphones,1,29476.71,5.0,28002.87,2594.65,0.0927
ORD01220,2026-07-28,CUST0150,South,Telangana,Hyderabad,Home & Kitchen,Mixer Grinder,3,14977.25,30.0,31452.22,6873.83,0.2185
ORD00303,2026-07-29,CUST0041,South,Kerala,Kochi,Beauty,Hair Dryer,1,1421.39,30.0,994.97,215.18,0.2163
ORD00377,2026-07-29,CUST0051,South,Tamil Nadu,Chennai,Electronics,Wireless Headphones,2,40277.31,35.0,52360.5,4315.05,0.0824
ORD01069,2026-07-29,CUST0131,North,Rajasthan,Jaipur,Electronics,Bluetooth Speaker,2,7533.24,20.0,12053.18,1202.34,0.0998
ORD00581,2026-07-30,CUST0075,South,Tamil Nadu,Chennai,Home & Kitchen,Coffee Maker,1,15170.37,20.0,12136.3,1347.09,0.111
ORD00129,2026-07-31,CUST0018,North,Delhi,Delhi,Electronics,Wireless Headphones,3,3678.38,35.0,7172.84,618.71,0.0863
ORD00678,2026-07-31,CUST0086,Central,Madhya Pradesh,Bhopal,Books,Data Analytics Book,3,691.59,15.0,1763.55,290.75,0.1649
ORD01008,2026-07-31,CUST0125,South,Kerala,Kochi,Books,Programming Book,2,1033.45,25.0,1550.18,171.68,0.1107
ORD01017,2026-07-31,CUST0126,East,Bihar,Patna,Home & Kitchen,Mixer Grinder,2,9647.77,20.0,15436.43,3741.42,0.2424
ORD00400,2026-08-02,CUST0052,West,Maharashtra,Mumbai,Electronics,Wireless Headphones,1,24005.46,30.0,16803.82,2432.86,0.1448
ORD00784,2026-08-02,CUST0098,East,Bihar,Patna,Computers & Accessories,Laptop,3,14486.76,5.0,41287.27,11552.51,0.2798
ORD00073,2026-08-03,CUST0011,South,Tamil Nadu,Chennai,Fashion,Backpack,3,3043.72,20.0,7304.93,1660.71,0.2273
ORD00140,2026-08-03,CUST0020,North,Rajasthan,Jaipur,Books,Data Analytics Book,1,1210.5,25.0,907.88,122.23,0.1346
ORD00178,2026-08-03,CUST0026,West,Maharashtra,Pune,Computers & Accessories,Wireless Mouse,2,8960.74,20.0,14337.18,1516.96,0.1058
ORD00414,2026-08-03,CUST0054,West,Maharashtra,Pune,Electronics,Wireless Headphones,3,5460.17,10.0,14742.46,1987.01,0.1348
ORD01097,2026-08-03,CUST0135,East,Odisha,Bhubaneswar,Fashion,Backpack,2,7025.37,15.0,11943.13,2378.21,0.1991
ORD01125,2026-08-03,CUST0138,West,Maharashtra,Pune,Beauty,Face Wash,3,3503.98,10.0,9460.75,1536.62,0.1624
ORD01195,2026-08-03,CUST0147,West,Gujarat,Ahmedabad,Computers & Accessories,Keyboard,2,42257.6,25.0,63386.4,15789.8,0.2491
ORD00875,2026-08-04,CUST0109,East,West Bengal,Kolkata,Computers & Accessories,Keyboard,2,2877.98,10.0,5180.36,987.91,0.1907
ORD01126,2026-08-04,CUST0138,South,Kerala,Kochi,Fashion,Smart Watch,3,3548.39,25.0,7983.88,1017.37,0.1274
ORD00130,2026-08-05,CUST0018,West,Maharashtra,Mumbai,Electronics,Bluetooth Speaker,1,39078.56,20.0,31262.85,6060.07,0.1938
ORD00447,2026-08-05,CUST0059,East,Bihar,Patna,Electronics,Smartphone,2,12689.83,10.0,22841.69,4789.43,0.2097
ORD00652,2026-08-05,CUST0084,South,Telangana,Hyderabad,Books,Data Analytics Book,1,1234.46,35.0,802.4,152.94,0.1906
ORD00983,2026-08-05,CUST0123,East,West Bengal,Kolkata,Home & Kitchen,Electric Kettle,3,15397.04,20.0,36952.9,8237.19,0.2229
ORD00197,2026-08-06,CUST0028,East,West Bengal,Kolkata,Computers & Accessories,Wireless Mouse,2,80606.95,15.0,137031.82,18028.14,0.1316
ORD00660,2026-08-06,CUST0085,West,Gujarat,Surat,Electronics,Bluetooth Speaker,2,20177.32,25.0,30265.98,5926.24,0.1958
ORD00724,2026-08-06,CUST0091,East,West Bengal,Kolkata,Books,Programming Book,2,851.19,30.0,1191.67,173.52,0.1456
ORD00198,2026-08-07,CUST0028,South,Karnataka,Bengaluru,Home & Kitchen,Coffee Maker,1,11581.5,10.0,10423.35,2535.08,0.2432
ORD00304,2026-08-07,CUST0041,South,Kerala,Kochi,Computers & Accessories,Laptop,1,13855.55,30.0,9698.88,1289.39,0.1329
ORD00725,2026-08-08,CUST0091,West,Maharashtra,Mumbai,Books,Programming Book,1,465.25,5.0,441.99,123.55,0.2795
ORD00929,2026-08-08,CUST0115,East,West Bengal,Kolkata,Home & Kitchen,Electric Kettle,3,1773.47,15.0,4522.35,1257.35,0.278
ORD00074,2026-08-09,CUST0011,South,Tamil Nadu,Chennai,Beauty,Face Wash,3,2772.09,20.0,6653.02,1224.52,0.1841
ORD00260,2026-08-09,CUST0036,Central,Madhya Pradesh,Bhopal,Computers & Accessories,Keyboard,3,126859.08,35.0,247375.21,22749.83,0.092
ORD00401,2026-08-09,CUST0052,North,Delhi,Delhi,Home & Kitchen,Electric Kettle,1,25148.87,20.0,20119.1,2136.33,0.1062
ORD00429,2026-08-09,CUST0057,Central,Madhya Pradesh,Bhopal,Home & Kitchen,Mixer Grinder,2,12662.16,10.0,22791.89,4548.6,0.1996
ORD00605,2026-08-09,CUST0078,South,Telangana,Hyderabad,Home & Kitchen,Air Fryer,1,6064.4,30.0,4245.08,851.07,0.2005
ORD00984,2026-08-09,CUST0123,South,Karnataka,Bengaluru,Computers & Accessories,Wireless Mouse,2,86141.81,25.0,129212.71,20965.56,0.1623
ORD00402,2026-08-10,CUST0052,West,Maharashtra,Mumbai,Electronics,Wireless Headphones,3,47356.39,10.0,127862.25,23119.13,0.1808
ORD00679,2026-08-10,CUST0086,South,Tamil Nadu,Chennai,Fashion,Backpack,1,11387.33,20.0,9109.86,2467.44,0.2709
ORD00031,2026-08-11,CUST0005,West,Gujarat,Ahmedabad,Books,Programming Book,2,1875.7,25.0,2813.55,663.43,0.2358
ORD00213,2026-08-11,CUST0029,East,Bihar,Patna,Electronics,Wireless Headphones,1,43564.04,10.0,39207.64,7362.74,0.1878
ORD00680,2026-08-11,CUST0086,South,Karnataka,Bengaluru,Electronics,Wireless Headphones,1,42024.66,20.0,33619.73,6433.69,0.1914
ORD00785,2026-08-11,CUST0098,South,Kerala,Kochi,Home & Kitchen,Air Fryer,1,1338.06,35.0,869.74,73.05,0.084
ORD00801,2026-08-11,CUST0099,Central,Madhya Pradesh,Bhopal,Electronics,Smartphone,2,60035.56,25.0,90053.34,20080.4,0.223
ORD00363,2026-08-12,CUST0050,South,Telangana,Hyderabad,Fashion,Backpack,3,5195.84,30.0,10911.26,1600.79,0.1467
ORD00516,2026-08-12,CUST0067,South,Tamil Nadu,Chennai,Home & Kitchen,Air Fryer,2,14432.97,5.0,27422.64,2984.45,0.1088
ORD01141,2026-08-12,CUST0140,West,Maharashtra,Pune,Home & Kitchen,Mixer Grinder,1,4056.55,10.0,3650.9,973.14,0.2665
ORD00032,2026-08-13,CUST0005,East,West Bengal,Kolkata,Electronics,Bluetooth Speaker,1,25208.67,20.0,20166.94,5072.28,0.2515
ORD00876,2026-08-13,CUST0109,North,Uttar Pradesh,Lucknow,Computers & Accessories,Laptop,2,133004.92,5.0,252709.35,46516.47,0.1841
ORD01196,2026-08-13,CUST0147,South,Karnataka,Bengaluru,Fashion,Smart Watch,2,2371.13,15.0,4030.92,450.18,0.1117
ORD01221,2026-08-13,CUST0150,South,Kerala,Kochi,Fashion,Backpack,2,2171.23,30.0,3039.72,265.84,0.0875
ORD00033,2026-08-14,CUST0005,East,Bihar,Patna,Home & Kitchen,Air Fryer,3,9628.17,25.0,21663.38,2887.57,0.1333
ORD00681,2026-08-14,CUST0086,Central,Madhya Pradesh,Bhopal,Home & Kitchen,Electric Kettle,1,17351.1,35.0,11278.22,3032.78,0.2689
ORD01038,2026-08-14,CUST0128,South,Karnataka,Bengaluru,Fashion,Backpack,3,3457.55,15.0,8816.75,968.98,0.1099
ORD00199,2026-08-15,CUST0028,West,Maharashtra,Pune,Books,Data Analytics Book,2,746.56,5.0,1418.46,208.83,0.1472
ORD00378,2026-08-15,CUST0051,East,Bihar,Patna,Fashion,Smart Watch,1,10836.9,35.0,7043.98,1931.05,0.2741
ORD01113,2026-08-16,CUST0136,Central,Maharashtra,Nagpur,Fashion,Backpack,3,7954.21,5.0,22669.5,3821.69,0.1686
ORD01039,2026-08-17,CUST0128,South,Karnataka,Bengaluru,Electronics,Smartphone,2,36928.83,30.0,51700.36,10147.24,0.1963
ORD00786,2026-08-18,CUST0098,East,Bihar,Patna,Home & Kitchen,Air Fryer,2,18886.2,35.0,24552.06,5464.73,0.2226
ORD00154,2026-08-19,CUST0022,South,Tamil Nadu,Chennai,Home & Kitchen,Air Fryer,2,4769.23,15.0,8107.69,1287.67,0.1588
ORD00682,2026-08-19,CUST0086,South,Tamil Nadu,Chennai,Home & Kitchen,Electric Kettle,2,7551.68,35.0,9817.18,2157.1,0.2197
ORD01186,2026-08-19,CUST0146,West,Gujarat,Ahmedabad,Electronics,Wireless Headphones,3,24110.18,20.0,57864.43,13007.08,0.2248
ORD00899,2026-08-20,CUST0112,West,Maharashtra,Pune,Beauty,Hair Dryer,2,399.35,15.0,678.89,123.65,0.1821
ORD00214,2026-08-21,CUST0029,East,Bihar,Patna,Home & Kitchen,Air Fryer,3,3565.2,15.0,9091.26,2068.8,0.2276
ORD00463,2026-08-22,CUST0060,Central,Madhya Pradesh,Bhopal,Electronics,Wireless Headphones,3,39570.36,10.0,106839.97,20262.7,0.1897
ORD00034,2026-08-23,CUST0005,North,Delhi,Delhi,Electronics,Bluetooth Speaker,1,22723.57,15.0,19315.03,2443.62,0.1265
ORD00582,2026-08-23,CUST0075,East,Bihar,Patna,Computers & Accessories,Wireless Mouse,3,88850.94,5.0,253225.18,56158.36,0.2218
ORD00736,2026-08-23,CUST0092,North,Rajasthan,Jaipur,Books,Programming Book,2,466.09,5.0,885.57,204.72,0.2312
ORD00364,2026-08-24,CUST0050,West,Gujarat,Surat,Computers & Accessories,Keyboard,2,14950.16,10.0,26910.29,6730.38,0.2501
ORD00273,2026-08-25,CUST0037,East,Odisha,Bhubaneswar,Computers & Accessories,Laptop,3,85684.61,25.0,192790.37,48742.68,0.2528
ORD00274,2026-08-25,CUST0037,South,Telangana,Hyderabad,Beauty,Hair Dryer,1,1775.89,5.0,1687.1,211.2,0.1252
ORD00464,2026-08-25,CUST0060,East,Odisha,Bhubaneswar,Home & Kitchen,Air Fryer,3,19041.08,20.0,45698.59,8231.79,0.1801
ORD00802,2026-08-25,CUST0099,Central,Maharashtra,Nagpur,Electronics,Smartphone,1,38368.33,10.0,34531.5,9302.21,0.2694
ORD00261,2026-08-26,CUST0036,North,Rajasthan,Jaipur,Electronics,Wireless Headphones,3,12403.42,30.0,26047.18,6854.29,0.2631
ORD01050,2026-08-27,CUST0129,South,Tamil Nadu,Chennai,Beauty,Hair Dryer,3,1549.6,10.0,4183.92,518.39,0.1239
ORD00379,2026-08-28,CUST0051,West,Maharashtra,Mumbai,Home & Kitchen,Coffee Maker,1,2770.91,30.0,1939.64,393.29,0.2028
ORD00661,2026-08-28,CUST0085,East,West Bengal,Kolkata,Home & Kitchen,Coffee Maker,2,13780.05,5.0,26182.09,6054.84,0.2313
ORD01070,2026-08-28,CUST0131,West,Gujarat,Surat,Electronics,Smartphone,3,25725.32,20.0,61740.77,6638.8,0.1075
ORD00877,2026-08-29,CUST0109,South,Kerala,Kochi,Books,Data Analytics Book,3,1082.82,30.0,2273.92,183.31,0.0806
ORD00912,2026-08-29,CUST0114,South,Kerala,Kochi,Books,Data Analytics Book,2,1724.29,20.0,2758.86,571.59,0.2072
ORD00262,2026-08-30,CUST0036,South,Tamil Nadu,Chennai,Books,Data Analytics Book,2,1540.32,30.0,2156.45,199.74,0.0926
ORD00662,2026-08-31,CUST0085,Central,Maharashtra,Nagpur,Beauty,Hair Dryer,2,2738.14,5.0,5202.47,1396.87,0.2685
ORD00683,2026-09-01,CUST0086,North,Uttar Pradesh,Lucknow,Computers & Accessories,Wireless Mouse,3,4248.32,10.0,11470.46,3044.1,0.2654
ORD01114,2026-09-01,CUST0136,West,Gujarat,Ahmedabad,Books,Programming Book,2,1293.07,15.0,2198.22,216.24,0.0984
ORD00200,2026-09-02,CUST0028,South,Karnataka,Bengaluru,Books,Programming Book,1,2270.3,5.0,2156.78,506.56,0.2349
ORD00726,2026-09-03,CUST0091,South,Telangana,Hyderabad,Books,Data Analytics Book,1,1958.11,35.0,1272.77,213.4,0.1677
ORD01142,2026-09-03,CUST0140,East,Odisha,Bhubaneswar,Computers & Accessories,Wireless Mouse,3,87174.67,10.0,235371.61,27966.93,0.1188
ORD00380,2026-09-04,CUST0051,Central,Maharashtra,Nagpur,Fashion,Backpack,2,5013.68,25.0,7520.52,832.64,0.1107
ORD00131,2026-09-05,CUST0018,West,Maharashtra,Mumbai,Computers & Accessories,Laptop,2,126208.15,20.0,201933.04,50619.34,0.2507
ORD00263,2026-09-05,CUST0036,South,Karnataka,Bengaluru,Electronics,Bluetooth Speaker,3,21553.33,30.0,45261.99,6210.37,0.1372
ORD00540,2026-09-05,CUST0069,North,Delhi,Delhi,Books,Data Analytics Book,1,995.11,20.0,796.09,221.45,0.2782
ORD00803,2026-09-05,CUST0099,Central,Maharashtra,Nagpur,Fashion,Running Shoes,1,6899.02,15.0,5864.17,621.28,0.1059
ORD00365,2026-09-08,CUST0050,Central,Maharashtra,Nagpur,Home & Kitchen,Air Fryer,1,6276.42,30.0,4393.49,838.26,0.1908
ORD00381,2026-09-08,CUST0051,South,Kerala,Kochi,Fashion,Smart Watch,3,1409.51,30.0,2959.97,739.39,0.2498
ORD00727,2026-09-08,CUST0091,South,Kerala,Kochi,Computers & Accessories,Wireless Mouse,1,14108.71,20.0,11286.97,1399.69,0.124
ORD00985,2026-09-09,CUST0123,West,Maharashtra,Pune,Home & Kitchen,Mixer Grinder,3,6010.22,15.0,15326.06,3637.84,0.2374
ORD01222,2026-09-09,CUST0150,South,Karnataka,Bengaluru,Computers & Accessories,Wireless Mouse,2,6814.18,25.0,10221.27,1570.75,0.1537
ORD00663,2026-09-11,CUST0085,North,Delhi,Delhi,Home & Kitchen,Electric Kettle,1,7879.93,35.0,5121.95,1145.97,0.2237
ORD01115,2026-09-12,CUST0136,East,West Bengal,Kolkata,Home & Kitchen,Electric Kettle,3,6228.38,5.0,17750.88,1972.29,0.1111
ORD00664,2026-09-13,CUST0085,Central,Maharashtra,Nagpur,Computers & Accessories,Keyboard,1,8836.28,10.0,7952.65,1589.92,0.1999
ORD00728,2026-09-14,CUST0091,South,Karnataka,Bengaluru,Beauty,Face Wash,2,378.47,10.0,681.25,88.08,0.1293
ORD00366,2026-09-15,CUST0050,North,Uttar Pradesh,Lucknow,Electronics,Wireless Headphones,1,16099.11,10.0,14489.2,3059.75,0.2112
ORD00382,2026-09-16,CUST0051,South,Tamil Nadu,Chennai,Home & Kitchen,Electric Kettle,2,11916.52,15.0,20258.08,5548.52,0.2739
ORD00383,2026-09-16,CUST0051,North,Uttar Pradesh,Lucknow,Fashion,Smart Watch,3,4505.39,10.0,12164.55,1507.38,0.1239
ORD00583,2026-09-16,CUST0075,East,Odisha,Bhubaneswar,Beauty,Hair Dryer,3,395.78,10.0,1068.61,229.57,0.2148
ORD00584,2026-09-16,CUST0075,South,Telangana,Hyderabad,Electronics,Smartphone,1,26121.92,25.0,19591.44,3871.84,0.1976
ORD00705,2026-09-17,CUST0089,East,West Bengal,Kolkata,Fashion,Smart Watch,2,6160.31,30.0,8624.43,1404.1,0.1628
ORD00986,2026-09-17,CUST0123,East,Odisha,Bhubaneswar,Beauty,Face Wash,1,3338.67,15.0,2837.87,614.28,0.2165
ORD00384,2026-09-19,CUST0051,East,West Bengal,Kolkata,Home & Kitchen,Air Fryer,2,21084.66,30.0,29518.52,3632.22,0.123
ORD00215,2026-09-20,CUST0029,West,Gujarat,Surat,Home & Kitchen,Coffee Maker,1,19739.28,10.0,17765.35,4086.98,0.2301
ORD00665,2026-09-20,CUST0085,North,Delhi,Delhi,Computers & Accessories,Keyboard,1,118551.85,30.0,82986.29,15701.9,0.1892
ORD00706,2026-09-25,CUST0089,Central,Maharashtra,Nagpur,Home & Kitchen,Coffee Maker,2,1464.36,25.0,2196.54,491.22,0.2236
